{
  "grad_clip": 5.0, 
  "vocab_size": 2, 
  "last_epoch_loss": 0.0087449962316332886, 
  "data_type": "0entropy", 
  "lower_bound": 0, 
  "learning_rate": 0.002, 
  "file_size": 10000000, 
  "num_layers": 2, 
  "batch_size": 20, 
  "info_path": "data/sequence_data/info_0entropy_0_iter_20_markovity.txt", 
  "num_epochs": 50, 
  "markovity": 20, 
  "epoch_stopped": 2, 
  "save_every": 1000, 
  "init_from": null, 
  "rnn_size": 128, 
  "p1": 0.5, 
  "Entropy": 0, 
  "summary_dir": ".summary", 
  "seq_length": 20, 
  "decay_rate": 0.99, 
  "data_path": "data/sequence_data/input_0entropy_0_iter_20_markovity.txt", 
  "save_dir": "save", 
  "output_path": "outputs/output_0entropy_5.txt", 
  "model": "lstm"
}
 ############################################# 
{
  "grad_clip": 5.0, 
  "vocab_size": 2, 
  "last_epoch_loss": 0.009948621006673113, 
  "data_type": "0entropy", 
  "lower_bound": 0, 
  "learning_rate": 0.002, 
  "file_size": 10000000, 
  "num_layers": 2, 
  "batch_size": 20, 
  "info_path": "data/sequence_data/info_0entropy_0_iter_20_markovity.txt", 
  "num_epochs": 50, 
  "markovity": 20, 
  "epoch_stopped": 2, 
  "save_every": 1000, 
  "init_from": null, 
  "rnn_size": 128, 
  "p1": 0.5, 
  "Entropy": 0, 
  "summary_dir": ".summary/size_128/markovity_19/run_0", 
  "seq_length": 20, 
  "decay_rate": 0.99, 
  "data_path": "data/sequence_data/input_0entropy_0_iter_20_markovity.txt", 
  "save_dir": "save", 
  "output_path": "outputs/output_0entropy_5.txt", 
  "model": "lstm"
}
 ############################################# 
{
  "grad_clip": 5.0, 
  "vocab_size": 2, 
  "last_epoch_loss": 0.0038099859933994973, 
  "data_type": "0entropy", 
  "lower_bound": 0, 
  "learning_rate": 0.002, 
  "file_size": 10000000, 
  "num_layers": 2, 
  "batch_size": 20, 
  "info_path": "data/sequence_data/info_0entropy_0_iter_20_markovity.txt", 
  "num_epochs": 50, 
  "markovity": 20, 
  "epoch_stopped": 3, 
  "save_every": 1000, 
  "init_from": null, 
  "rnn_size": 256, 
  "p1": 0.5, 
  "Entropy": 0, 
  "summary_dir": ".summary/size_256/markovity_19/run_0", 
  "seq_length": 20, 
  "decay_rate": 0.99, 
  "data_path": "data/sequence_data/input_0entropy_0_iter_20_markovity.txt", 
  "save_dir": "save", 
  "output_path": "outputs/output_0entropy_5.txt", 
  "model": "lstm"
}
 ############################################# 
{
  "grad_clip": 5.0, 
  "vocab_size": 2, 
  "last_epoch_loss": 1.000027897143682, 
  "data_type": "0entropy", 
  "lower_bound": 0, 
  "learning_rate": 0.002, 
  "file_size": 10000000, 
  "num_layers": 2, 
  "batch_size": 20, 
  "info_path": "data/sequence_data/info_0entropy_0_iter_30_markovity.txt", 
  "num_epochs": 20, 
  "markovity": 30, 
  "epoch_stopped": 20, 
  "save_every": 1000, 
  "init_from": null, 
  "rnn_size": 128, 
  "p1": 0.5, 
  "Entropy": 0, 
  "summary_dir": ".summary/size_128/markovity_29/run_0", 
  "seq_length": 20, 
  "decay_rate": 0.99, 
  "data_path": "data/sequence_data/input_0entropy_0_iter_30_markovity.txt", 
  "save_dir": "save", 
  "output_path": "outputs/output_0entropy_5.txt", 
  "model": "lstm"
}
 ############################################# 
{
  "grad_clip": 5.0, 
  "vocab_size": 2, 
  "last_epoch_loss": 1.0000532375593356, 
  "data_type": "0entropy", 
  "lower_bound": 0, 
  "learning_rate": 0.002, 
  "file_size": 10000000, 
  "num_layers": 2, 
  "batch_size": 20, 
  "info_path": "data/sequence_data/info_0entropy_0_iter_30_markovity.txt", 
  "num_epochs": 20, 
  "markovity": 30, 
  "epoch_stopped": 20, 
  "save_every": 1000, 
  "init_from": null, 
  "rnn_size": 256, 
  "p1": 0.5, 
  "Entropy": 0, 
  "summary_dir": ".summary/size_256/markovity_29/run_0", 
  "seq_length": 20, 
  "decay_rate": 0.99, 
  "data_path": "data/sequence_data/input_0entropy_0_iter_30_markovity.txt", 
  "save_dir": "save", 
  "output_path": "outputs/output_0entropy_5.txt", 
  "model": "lstm"
}
 ############################################# 
{
  "grad_clip": 5.0, 
  "vocab_size": 2, 
  "last_epoch_loss": 1.0000802728261755, 
  "data_type": "0entropy", 
  "lower_bound": 0, 
  "learning_rate": 0.002, 
  "file_size": 10000000, 
  "num_layers": 2, 
  "batch_size": 20, 
  "info_path": "data/sequence_data/info_0entropy_0_iter_30_markovity.txt", 
  "num_epochs": 20, 
  "markovity": 30, 
  "epoch_stopped": 20, 
  "save_every": 1000, 
  "init_from": null, 
  "rnn_size": 512, 
  "p1": 0.5, 
  "Entropy": 0, 
  "summary_dir": ".summary/size_512/markovity_29/run_0", 
  "seq_length": 20, 
  "decay_rate": 0.99, 
  "data_path": "data/sequence_data/input_0entropy_0_iter_30_markovity.txt", 
  "save_dir": "save", 
  "output_path": "outputs/output_0entropy_5.txt", 
  "model": "lstm"
}
 ############################################# 
{
  "grad_clip": 5.0, 
  "vocab_size": 2, 
  "last_epoch_loss": 1.0000293923023771, 
  "data_type": "0entropy", 
  "lower_bound": 0, 
  "learning_rate": 0.002, 
  "file_size": 10000000, 
  "num_layers": 2, 
  "batch_size": 20, 
  "info_path": "data/sequence_data/info_0entropy_1_iter_30_markovity.txt", 
  "num_epochs": 20, 
  "markovity": 30, 
  "epoch_stopped": 20, 
  "save_every": 1000, 
  "init_from": null, 
  "rnn_size": 128, 
  "p1": 0.5, 
  "Entropy": 0, 
  "summary_dir": ".summary/size_128/markovity_29/run_1", 
  "seq_length": 20, 
  "decay_rate": 0.99, 
  "data_path": "data/sequence_data/input_0entropy_1_iter_30_markovity.txt", 
  "save_dir": "save", 
  "output_path": "outputs/output_0entropy_5.txt", 
  "model": "lstm"
}
 ############################################# 
{
  "grad_clip": 5.0, 
  "vocab_size": 2, 
  "last_epoch_loss": 1.0001016358575239, 
  "data_type": "0entropy", 
  "lower_bound": 0, 
  "learning_rate": 0.002, 
  "file_size": 10000000, 
  "num_layers": 2, 
  "batch_size": 20, 
  "info_path": "data/sequence_data/info_0entropy_1_iter_30_markovity.txt", 
  "num_epochs": 20, 
  "markovity": 30, 
  "epoch_stopped": 20, 
  "save_every": 1000, 
  "init_from": null, 
  "rnn_size": 256, 
  "p1": 0.5, 
  "Entropy": 0, 
  "summary_dir": ".summary/size_256/markovity_29/run_1", 
  "seq_length": 20, 
  "decay_rate": 0.99, 
  "data_path": "data/sequence_data/input_0entropy_1_iter_30_markovity.txt", 
  "save_dir": "save", 
  "output_path": "outputs/output_0entropy_5.txt", 
  "model": "lstm"
}
 ############################################# 
{
  "grad_clip": 5.0, 
  "vocab_size": 2, 
  "last_epoch_loss": 1.0004186465419651, 
  "data_type": "0entropy", 
  "lower_bound": 0, 
  "learning_rate": 0.002, 
  "file_size": 10000000, 
  "num_layers": 2, 
  "batch_size": 20, 
  "info_path": "data/sequence_data/info_0entropy_1_iter_30_markovity.txt", 
  "num_epochs": 20, 
  "markovity": 30, 
  "epoch_stopped": 20, 
  "save_every": 1000, 
  "init_from": null, 
  "rnn_size": 512, 
  "p1": 0.5, 
  "Entropy": 0, 
  "summary_dir": ".summary/size_512/markovity_29/run_1", 
  "seq_length": 20, 
  "decay_rate": 0.99, 
  "data_path": "data/sequence_data/input_0entropy_1_iter_30_markovity.txt", 
  "save_dir": "save", 
  "output_path": "outputs/output_0entropy_5.txt", 
  "model": "lstm"
}
 ############################################# 
{
  "grad_clip": 5.0, 
  "vocab_size": 2, 
  "last_epoch_loss": 1.0000308331661534, 
  "data_type": "0entropy", 
  "lower_bound": 0, 
  "learning_rate": 0.002, 
  "file_size": 10000000, 
  "num_layers": 2, 
  "batch_size": 20, 
  "info_path": "data/sequence_data/info_0entropy_0_iter_40_markovity.txt", 
  "num_epochs": 20, 
  "markovity": 40, 
  "epoch_stopped": 20, 
  "save_every": 1000, 
  "init_from": null, 
  "rnn_size": 128, 
  "p1": 0.5, 
  "Entropy": 0, 
  "summary_dir": ".summary/size_128/markovity_39/run_0", 
  "seq_length": 20, 
  "decay_rate": 0.99, 
  "data_path": "data/sequence_data/input_0entropy_0_iter_40_markovity.txt", 
  "save_dir": "save", 
  "output_path": "outputs/output_0entropy_5.txt", 
  "model": "lstm"
}
 ############################################# 
{
  "grad_clip": 5.0, 
  "vocab_size": 2, 
  "last_epoch_loss": 1.0001160145599213, 
  "data_type": "0entropy", 
  "lower_bound": 0, 
  "learning_rate": 0.002, 
  "file_size": 10000000, 
  "num_layers": 2, 
  "batch_size": 20, 
  "info_path": "data/sequence_data/info_0entropy_0_iter_40_markovity.txt", 
  "num_epochs": 20, 
  "markovity": 40, 
  "epoch_stopped": 20, 
  "save_every": 1000, 
  "init_from": null, 
  "rnn_size": 256, 
  "p1": 0.5, 
  "Entropy": 0, 
  "summary_dir": ".summary/size_256/markovity_39/run_0", 
  "seq_length": 20, 
  "decay_rate": 0.99, 
  "data_path": "data/sequence_data/input_0entropy_0_iter_40_markovity.txt", 
  "save_dir": "save", 
  "output_path": "outputs/output_0entropy_5.txt", 
  "model": "lstm"
}
 ############################################# 
{
  "grad_clip": 5.0, 
  "vocab_size": 2, 
  "last_epoch_loss": 1.000253940201886, 
  "data_type": "0entropy", 
  "lower_bound": 0, 
  "learning_rate": 0.002, 
  "file_size": 10000000, 
  "num_layers": 2, 
  "batch_size": 20, 
  "info_path": "data/sequence_data/info_0entropy_0_iter_40_markovity.txt", 
  "num_epochs": 20, 
  "markovity": 40, 
  "epoch_stopped": 20, 
  "save_every": 1000, 
  "init_from": null, 
  "rnn_size": 512, 
  "p1": 0.5, 
  "Entropy": 0, 
  "summary_dir": ".summary/size_512/markovity_39/run_0", 
  "seq_length": 20, 
  "decay_rate": 0.99, 
  "data_path": "data/sequence_data/input_0entropy_0_iter_40_markovity.txt", 
  "save_dir": "save", 
  "output_path": "outputs/output_0entropy_5.txt", 
  "model": "lstm"
}
 ############################################# 
{
  "grad_clip": 5.0, 
  "vocab_size": 2, 
  "last_epoch_loss": 1.0000355972162867, 
  "data_type": "0entropy", 
  "lower_bound": 0, 
  "learning_rate": 0.002, 
  "file_size": 10000000, 
  "num_layers": 2, 
  "batch_size": 20, 
  "info_path": "data/sequence_data/info_0entropy_1_iter_40_markovity.txt", 
  "num_epochs": 20, 
  "markovity": 40, 
  "epoch_stopped": 20, 
  "save_every": 1000, 
  "init_from": null, 
  "rnn_size": 128, 
  "p1": 0.5, 
  "Entropy": 0, 
  "summary_dir": ".summary/size_128/markovity_39/run_1", 
  "seq_length": 20, 
  "decay_rate": 0.99, 
  "data_path": "data/sequence_data/input_0entropy_1_iter_40_markovity.txt", 
  "save_dir": "save", 
  "output_path": "outputs/output_0entropy_5.txt", 
  "model": "lstm"
}
 ############################################# 
{
  "grad_clip": 5.0, 
  "vocab_size": 2, 
  "last_epoch_loss": 1.0000262117515395, 
  "data_type": "0entropy", 
  "lower_bound": 0, 
  "learning_rate": 0.002, 
  "file_size": 10000000, 
  "num_layers": 2, 
  "batch_size": 20, 
  "info_path": "data/sequence_data/info_0entropy_1_iter_40_markovity.txt", 
  "num_epochs": 20, 
  "markovity": 40, 
  "epoch_stopped": 20, 
  "save_every": 1000, 
  "init_from": null, 
  "rnn_size": 256, 
  "p1": 0.5, 
  "Entropy": 0, 
  "summary_dir": ".summary/size_256/markovity_39/run_1", 
  "seq_length": 20, 
  "decay_rate": 0.99, 
  "data_path": "data/sequence_data/input_0entropy_1_iter_40_markovity.txt", 
  "save_dir": "save", 
  "output_path": "outputs/output_0entropy_5.txt", 
  "model": "lstm"
}
 ############################################# 
{
  "grad_clip": 5.0, 
  "vocab_size": 2, 
  "last_epoch_loss": 1.0005400481424187, 
  "data_type": "0entropy", 
  "lower_bound": 0, 
  "learning_rate": 0.002, 
  "file_size": 10000000, 
  "num_layers": 2, 
  "batch_size": 20, 
  "info_path": "data/sequence_data/info_0entropy_1_iter_40_markovity.txt", 
  "num_epochs": 20, 
  "markovity": 40, 
  "epoch_stopped": 20, 
  "save_every": 1000, 
  "init_from": null, 
  "rnn_size": 512, 
  "p1": 0.5, 
  "Entropy": 0, 
  "summary_dir": ".summary/size_512/markovity_39/run_1", 
  "seq_length": 20, 
  "decay_rate": 0.99, 
  "data_path": "data/sequence_data/input_0entropy_1_iter_40_markovity.txt", 
  "save_dir": "save", 
  "output_path": "outputs/output_0entropy_5.txt", 
  "model": "lstm"
}
 ############################################# 
{
  "grad_clip": 5.0, 
  "vocab_size": 2, 
  "last_epoch_loss": 1.000038757046646, 
  "data_type": "0entropy", 
  "lower_bound": 0, 
  "learning_rate": 0.002, 
  "file_size": 10000000, 
  "num_layers": 2, 
  "batch_size": 20, 
  "info_path": "data/sequence_data/info_0entropy_0_iter_50_markovity.txt", 
  "num_epochs": 20, 
  "markovity": 50, 
  "epoch_stopped": 20, 
  "save_every": 1000, 
  "init_from": null, 
  "rnn_size": 128, 
  "p1": 0.5, 
  "Entropy": 0, 
  "summary_dir": ".summary/size_128/markovity_49/run_0", 
  "seq_length": 20, 
  "decay_rate": 0.99, 
  "data_path": "data/sequence_data/input_0entropy_0_iter_50_markovity.txt", 
  "save_dir": "save", 
  "output_path": "outputs/output_0entropy_5.txt", 
  "model": "lstm"
}
 ############################################# 
{
  "grad_clip": 5.0, 
  "vocab_size": 2, 
  "last_epoch_loss": 1.0000834416787494, 
  "data_type": "0entropy", 
  "lower_bound": 0, 
  "learning_rate": 0.002, 
  "file_size": 10000000, 
  "num_layers": 2, 
  "batch_size": 20, 
  "info_path": "data/sequence_data/info_0entropy_0_iter_50_markovity.txt", 
  "num_epochs": 20, 
  "markovity": 50, 
  "epoch_stopped": 20, 
  "save_every": 1000, 
  "init_from": null, 
  "rnn_size": 256, 
  "p1": 0.5, 
  "Entropy": 0, 
  "summary_dir": ".summary/size_256/markovity_49/run_0", 
  "seq_length": 20, 
  "decay_rate": 0.99, 
  "data_path": "data/sequence_data/input_0entropy_0_iter_50_markovity.txt", 
  "save_dir": "save", 
  "output_path": "outputs/output_0entropy_5.txt", 
  "model": "lstm"
}
 ############################################# 
