{
  "grad_clip": 5.0, 
  "vocab_size": 2, 
  "last_epoch_loss": 0.99998662608773747, 
  "data_type": "0entropy", 
  "lower_bound": 0, 
  "learning_rate": 0.005, 
  "file_size": 10000000, 
  "num_layers": 2, 
  "batch_size": 50, 
  "info_path": "data/sequence_data/info_0entropy_0_iter_30_markovity.txt", 
  "num_epochs": 50, 
  "markovity": 30, 
  "epoch_stopped": 50, 
  "save_every": 1000, 
  "init_from": null, 
  "rnn_size": 128, 
  "p1": 0.5, 
  "Entropy": 0, 
  "summary_dir": ".summary/size_128/markovity_29/run_0", 
  "seq_length": 50, 
  "decay_rate": 0.99, 
  "data_path": "data/sequence_data/input_0entropy_0_iter_30_markovity.txt", 
  "save_dir": "save", 
  "output_path": "outputs/output_0entropy_6.txt", 
  "model": "lstm"
}
 ############################################# 
{
  "grad_clip": 5.0, 
  "vocab_size": 2, 
  "last_epoch_loss": 1.000073018218737, 
  "data_type": "0entropy", 
  "lower_bound": 0, 
  "learning_rate": 0.005, 
  "file_size": 10000000, 
  "num_layers": 2, 
  "batch_size": 50, 
  "info_path": "data/sequence_data/info_0entropy_0_iter_30_markovity.txt", 
  "num_epochs": 50, 
  "markovity": 30, 
  "epoch_stopped": 50, 
  "save_every": 1000, 
  "init_from": null, 
  "rnn_size": 256, 
  "p1": 0.5, 
  "Entropy": 0, 
  "summary_dir": ".summary/size_256/markovity_29/run_0", 
  "seq_length": 50, 
  "decay_rate": 0.99, 
  "data_path": "data/sequence_data/input_0entropy_0_iter_30_markovity.txt", 
  "save_dir": "save", 
  "output_path": "outputs/output_0entropy_6.txt", 
  "model": "lstm"
}
 ############################################# 
{
  "grad_clip": 5.0, 
  "vocab_size": 2, 
  "last_epoch_loss": 1.0000295300836954, 
  "data_type": "0entropy", 
  "lower_bound": 0, 
  "learning_rate": 0.005, 
  "file_size": 10000000, 
  "num_layers": 2, 
  "batch_size": 50, 
  "info_path": "data/sequence_data/info_0entropy_0_iter_30_markovity.txt", 
  "num_epochs": 50, 
  "markovity": 30, 
  "epoch_stopped": 50, 
  "save_every": 1000, 
  "init_from": null, 
  "rnn_size": 512, 
  "p1": 0.5, 
  "Entropy": 0, 
  "summary_dir": ".summary/size_512/markovity_29/run_0", 
  "seq_length": 50, 
  "decay_rate": 0.99, 
  "data_path": "data/sequence_data/input_0entropy_0_iter_30_markovity.txt", 
  "save_dir": "save", 
  "output_path": "outputs/output_0entropy_6.txt", 
  "model": "lstm"
}
 ############################################# 
{
  "grad_clip": 5.0, 
  "vocab_size": 2, 
  "last_epoch_loss": 1.000213330844884, 
  "data_type": "0entropy", 
  "lower_bound": 0, 
  "learning_rate": 0.005, 
  "file_size": 10000000, 
  "num_layers": 2, 
  "batch_size": 50, 
  "info_path": "data/sequence_data/info_0entropy_1_iter_30_markovity.txt", 
  "num_epochs": 50, 
  "markovity": 30, 
  "epoch_stopped": 50, 
  "save_every": 1000, 
  "init_from": null, 
  "rnn_size": 128, 
  "p1": 0.5, 
  "Entropy": 0, 
  "summary_dir": ".summary/size_128/markovity_29/run_1", 
  "seq_length": 50, 
  "decay_rate": 0.99, 
  "data_path": "data/sequence_data/input_0entropy_1_iter_30_markovity.txt", 
  "save_dir": "save", 
  "output_path": "outputs/output_0entropy_6.txt", 
  "model": "lstm"
}
 ############################################# 
{
  "grad_clip": 5.0, 
  "vocab_size": 2, 
  "last_epoch_loss": 1.0000990666250436, 
  "data_type": "0entropy", 
  "lower_bound": 0, 
  "learning_rate": 0.005, 
  "file_size": 10000000, 
  "num_layers": 2, 
  "batch_size": 50, 
  "info_path": "data/sequence_data/info_0entropy_1_iter_30_markovity.txt", 
  "num_epochs": 50, 
  "markovity": 30, 
  "epoch_stopped": 50, 
  "save_every": 1000, 
  "init_from": null, 
  "rnn_size": 256, 
  "p1": 0.5, 
  "Entropy": 0, 
  "summary_dir": ".summary/size_256/markovity_29/run_1", 
  "seq_length": 50, 
  "decay_rate": 0.99, 
  "data_path": "data/sequence_data/input_0entropy_1_iter_30_markovity.txt", 
  "save_dir": "save", 
  "output_path": "outputs/output_0entropy_6.txt", 
  "model": "lstm"
}
 ############################################# 
{
  "grad_clip": 5.0, 
  "vocab_size": 2, 
  "last_epoch_loss": 0.99983183396274034, 
  "data_type": "0entropy", 
  "lower_bound": 0, 
  "learning_rate": 0.005, 
  "file_size": 10000000, 
  "num_layers": 4, 
  "batch_size": 50, 
  "info_path": "data/sequence_data/info_0entropy_0_iter_30_markovity.txt", 
  "num_epochs": 80, 
  "markovity": 30, 
  "epoch_stopped": 80, 
  "save_every": 1000, 
  "init_from": null, 
  "rnn_size": 128, 
  "p1": 0.5, 
  "Entropy": 0, 
  "summary_dir": ".summary/size_128/num_layers_4/markovity_29/run_0", 
  "seq_length": 50, 
  "decay_rate": 0.99, 
  "data_path": "data/sequence_data/input_0entropy_0_iter_30_markovity.txt", 
  "save_dir": "save", 
  "output_path": "outputs/output_0entropy_6.txt", 
  "model": "lstm"
}
 ############################################# 
