{
  "grad_clip": 5.0, 
  "vocab_size": 2, 
  "last_epoch_loss": 0.0071590629386780987, 
  "data_type": "0entropy", 
  "lower_bound": 0, 
  "learning_rate": 0.002, 
  "file_size": 1000000, 
  "num_layers": 4, 
  "batch_size": 50, 
  "info_path": "data/sequence_data/info_0entropy_0_iter_11_markovity.txt", 
  "num_epochs": 100, 
  "markovity": 11, 
  "epoch_stopped": 3, 
  "save_every": 1000, 
  "init_from": null, 
  "rnn_size": 128, 
  "p1": 0.5, 
  "Entropy": 0, 
  "seq_length": 50, 
  "decay_rate": 0.99, 
  "data_path": "data/sequence_data/input_0entropy_0_iter_11_markovity.txt", 
  "save_dir": "save", 
  "output_path": "outputs/output_0entropy_4.txt", 
  "model": "lstm"
}
 ############################################# 
{
  "grad_clip": 5.0, 
  "vocab_size": 2, 
  "last_epoch_loss": 0.004486322542957953, 
  "data_type": "0entropy", 
  "lower_bound": 0, 
  "learning_rate": 0.002, 
  "file_size": 1000000, 
  "num_layers": 4, 
  "batch_size": 50, 
  "info_path": "data/sequence_data/info_0entropy_1_iter_11_markovity.txt", 
  "num_epochs": 100, 
  "markovity": 11, 
  "epoch_stopped": 3, 
  "save_every": 1000, 
  "init_from": null, 
  "rnn_size": 128, 
  "p1": 0.5, 
  "Entropy": 0, 
  "seq_length": 50, 
  "decay_rate": 0.99, 
  "data_path": "data/sequence_data/input_0entropy_1_iter_11_markovity.txt", 
  "save_dir": "save", 
  "output_path": "outputs/output_0entropy_4.txt", 
  "model": "lstm"
}
 ############################################# 
{
  "grad_clip": 5.0, 
  "vocab_size": 2, 
  "last_epoch_loss": 0.0087521867093667861, 
  "data_type": "0entropy", 
  "lower_bound": 0, 
  "learning_rate": 0.002, 
  "file_size": 1000000, 
  "num_layers": 4, 
  "batch_size": 50, 
  "info_path": "data/sequence_data/info_0entropy_2_iter_11_markovity.txt", 
  "num_epochs": 100, 
  "markovity": 11, 
  "epoch_stopped": 4, 
  "save_every": 1000, 
  "init_from": null, 
  "rnn_size": 128, 
  "p1": 0.5, 
  "Entropy": 0, 
  "seq_length": 50, 
  "decay_rate": 0.99, 
  "data_path": "data/sequence_data/input_0entropy_2_iter_11_markovity.txt", 
  "save_dir": "save", 
  "output_path": "outputs/output_0entropy_4.txt", 
  "model": "lstm"
}
 ############################################# 
{
  "grad_clip": 5.0, 
  "vocab_size": 2, 
  "last_epoch_loss": 0.0099245316128775268, 
  "data_type": "0entropy", 
  "lower_bound": 0, 
  "learning_rate": 0.002, 
  "file_size": 1000000, 
  "num_layers": 4, 
  "batch_size": 50, 
  "info_path": "data/sequence_data/info_0entropy_0_iter_11_markovity.txt", 
  "num_epochs": 100, 
  "markovity": 11, 
  "epoch_stopped": 2, 
  "save_every": 1000, 
  "init_from": null, 
  "rnn_size": 128, 
  "p1": 0.5, 
  "Entropy": 0, 
  "seq_length": 50, 
  "decay_rate": 0.99, 
  "data_path": "data/sequence_data/input_0entropy_0_iter_11_markovity.txt", 
  "save_dir": "save", 
  "output_path": "outputs/output_0entropy_4.txt", 
  "model": "lstm"
}
 ############################################# 
{
  "grad_clip": 5.0, 
  "vocab_size": 2, 
  "last_epoch_loss": 0.0073361643961250824, 
  "data_type": "0entropy", 
  "lower_bound": 0, 
  "learning_rate": 0.002, 
  "file_size": 1000000, 
  "num_layers": 4, 
  "batch_size": 50, 
  "info_path": "data/sequence_data/info_0entropy_1_iter_11_markovity.txt", 
  "num_epochs": 100, 
  "markovity": 11, 
  "epoch_stopped": 3, 
  "save_every": 1000, 
  "init_from": null, 
  "rnn_size": 128, 
  "p1": 0.5, 
  "Entropy": 0, 
  "seq_length": 50, 
  "decay_rate": 0.99, 
  "data_path": "data/sequence_data/input_0entropy_1_iter_11_markovity.txt", 
  "save_dir": "save", 
  "output_path": "outputs/output_0entropy_4.txt", 
  "model": "lstm"
}
 ############################################# 
{
  "grad_clip": 5.0, 
  "vocab_size": 2, 
  "last_epoch_loss": 0.0098158627747427733, 
  "data_type": "0entropy", 
  "lower_bound": 0, 
  "learning_rate": 0.002, 
  "file_size": 1000000, 
  "num_layers": 4, 
  "batch_size": 50, 
  "info_path": "data/sequence_data/info_0entropy_2_iter_11_markovity.txt", 
  "num_epochs": 100, 
  "markovity": 11, 
  "epoch_stopped": 4, 
  "save_every": 1000, 
  "init_from": null, 
  "rnn_size": 128, 
  "p1": 0.5, 
  "Entropy": 0, 
  "seq_length": 50, 
  "decay_rate": 0.99, 
  "data_path": "data/sequence_data/input_0entropy_2_iter_11_markovity.txt", 
  "save_dir": "save", 
  "output_path": "outputs/output_0entropy_4.txt", 
  "model": "lstm"
}
 ############################################# 
{
  "grad_clip": 5.0, 
  "vocab_size": 2, 
  "last_epoch_loss": 0.0072162545161183356, 
  "data_type": "0entropy", 
  "lower_bound": 0, 
  "learning_rate": 0.002, 
  "file_size": 1000000, 
  "num_layers": 4, 
  "batch_size": 50, 
  "info_path": "data/sequence_data/info_0entropy_3_iter_11_markovity.txt", 
  "num_epochs": 100, 
  "markovity": 11, 
  "epoch_stopped": 3, 
  "save_every": 1000, 
  "init_from": null, 
  "rnn_size": 128, 
  "p1": 0.5, 
  "Entropy": 0, 
  "seq_length": 50, 
  "decay_rate": 0.99, 
  "data_path": "data/sequence_data/input_0entropy_3_iter_11_markovity.txt", 
  "save_dir": "save", 
  "output_path": "outputs/output_0entropy_4.txt", 
  "model": "lstm"
}
 ############################################# 
{
  "grad_clip": 5.0, 
  "vocab_size": 2, 
  "last_epoch_loss": 0.0056470257336212522, 
  "data_type": "0entropy", 
  "lower_bound": 0, 
  "learning_rate": 0.002, 
  "file_size": 1000000, 
  "num_layers": 4, 
  "batch_size": 50, 
  "info_path": "data/sequence_data/info_0entropy_4_iter_11_markovity.txt", 
  "num_epochs": 100, 
  "markovity": 11, 
  "epoch_stopped": 4, 
  "save_every": 1000, 
  "init_from": null, 
  "rnn_size": 128, 
  "p1": 0.5, 
  "Entropy": 0, 
  "seq_length": 50, 
  "decay_rate": 0.99, 
  "data_path": "data/sequence_data/input_0entropy_4_iter_11_markovity.txt", 
  "save_dir": "save", 
  "output_path": "outputs/output_0entropy_4.txt", 
  "model": "lstm"
}
 ############################################# 
{
  "grad_clip": 5.0, 
  "vocab_size": 2, 
  "last_epoch_loss": 0.0060224076059940523, 
  "data_type": "0entropy", 
  "lower_bound": 0, 
  "learning_rate": 0.002, 
  "file_size": 1000000, 
  "num_layers": 4, 
  "batch_size": 50, 
  "info_path": "data/sequence_data/info_0entropy_0_iter_21_markovity.txt", 
  "num_epochs": 100, 
  "markovity": 21, 
  "epoch_stopped": 5, 
  "save_every": 1000, 
  "init_from": null, 
  "rnn_size": 128, 
  "p1": 0.5, 
  "Entropy": 0, 
  "seq_length": 50, 
  "decay_rate": 0.99, 
  "data_path": "data/sequence_data/input_0entropy_0_iter_21_markovity.txt", 
  "save_dir": "save", 
  "output_path": "outputs/output_0entropy_4.txt", 
  "model": "lstm"
}
 ############################################# 
{
  "grad_clip": 5.0, 
  "vocab_size": 2, 
  "last_epoch_loss": 0.009552097015742363, 
  "data_type": "0entropy", 
  "lower_bound": 0, 
  "learning_rate": 0.002, 
  "file_size": 1000000, 
  "num_layers": 4, 
  "batch_size": 50, 
  "info_path": "data/sequence_data/info_0entropy_1_iter_21_markovity.txt", 
  "num_epochs": 100, 
  "markovity": 21, 
  "epoch_stopped": 6, 
  "save_every": 1000, 
  "init_from": null, 
  "rnn_size": 128, 
  "p1": 0.5, 
  "Entropy": 0, 
  "seq_length": 50, 
  "decay_rate": 0.99, 
  "data_path": "data/sequence_data/input_0entropy_1_iter_21_markovity.txt", 
  "save_dir": "save", 
  "output_path": "outputs/output_0entropy_4.txt", 
  "model": "lstm"
}
 ############################################# 
{
  "grad_clip": 5.0, 
  "vocab_size": 2, 
  "last_epoch_loss": 0.0060765626390555374, 
  "data_type": "0entropy", 
  "lower_bound": 0, 
  "learning_rate": 0.002, 
  "file_size": 1000000, 
  "num_layers": 4, 
  "batch_size": 50, 
  "info_path": "data/sequence_data/info_0entropy_2_iter_21_markovity.txt", 
  "num_epochs": 100, 
  "markovity": 21, 
  "epoch_stopped": 5, 
  "save_every": 1000, 
  "init_from": null, 
  "rnn_size": 128, 
  "p1": 0.5, 
  "Entropy": 0, 
  "seq_length": 50, 
  "decay_rate": 0.99, 
  "data_path": "data/sequence_data/input_0entropy_2_iter_21_markovity.txt", 
  "save_dir": "save", 
  "output_path": "outputs/output_0entropy_4.txt", 
  "model": "lstm"
}
 ############################################# 
{
  "grad_clip": 5.0, 
  "vocab_size": 2, 
  "last_epoch_loss": 0.0097439256174077886, 
  "data_type": "0entropy", 
  "lower_bound": 0, 
  "learning_rate": 0.002, 
  "file_size": 1000000, 
  "num_layers": 4, 
  "batch_size": 50, 
  "info_path": "data/sequence_data/info_0entropy_3_iter_21_markovity.txt", 
  "num_epochs": 100, 
  "markovity": 21, 
  "epoch_stopped": 5, 
  "save_every": 1000, 
  "init_from": null, 
  "rnn_size": 128, 
  "p1": 0.5, 
  "Entropy": 0, 
  "seq_length": 50, 
  "decay_rate": 0.99, 
  "data_path": "data/sequence_data/input_0entropy_3_iter_21_markovity.txt", 
  "save_dir": "save", 
  "output_path": "outputs/output_0entropy_4.txt", 
  "model": "lstm"
}
 ############################################# 
{
  "grad_clip": 5.0, 
  "vocab_size": 2, 
  "last_epoch_loss": 0.0062163388084876623, 
  "data_type": "0entropy", 
  "lower_bound": 0, 
  "learning_rate": 0.002, 
  "file_size": 1000000, 
  "num_layers": 4, 
  "batch_size": 50, 
  "info_path": "data/sequence_data/info_0entropy_4_iter_21_markovity.txt", 
  "num_epochs": 100, 
  "markovity": 21, 
  "epoch_stopped": 6, 
  "save_every": 1000, 
  "init_from": null, 
  "rnn_size": 128, 
  "p1": 0.5, 
  "Entropy": 0, 
  "seq_length": 50, 
  "decay_rate": 0.99, 
  "data_path": "data/sequence_data/input_0entropy_4_iter_21_markovity.txt", 
  "save_dir": "save", 
  "output_path": "outputs/output_0entropy_4.txt", 
  "model": "lstm"
}
 ############################################# 
{
  "grad_clip": 5.0, 
  "vocab_size": 2, 
  "last_epoch_loss": 0.0093838557710309925, 
  "data_type": "0entropy", 
  "lower_bound": 0, 
  "learning_rate": 0.002, 
  "file_size": 1000000, 
  "num_layers": 4, 
  "batch_size": 50, 
  "info_path": "data/sequence_data/info_0entropy_0_iter_31_markovity.txt", 
  "num_epochs": 100, 
  "markovity": 31, 
  "epoch_stopped": 39, 
  "save_every": 1000, 
  "init_from": null, 
  "rnn_size": 128, 
  "p1": 0.5, 
  "Entropy": 0, 
  "seq_length": 50, 
  "decay_rate": 0.99, 
  "data_path": "data/sequence_data/input_0entropy_0_iter_31_markovity.txt", 
  "save_dir": "save", 
  "output_path": "outputs/output_0entropy_4.txt", 
  "model": "lstm"
}
 ############################################# 
{
  "grad_clip": 5.0, 
  "vocab_size": 2, 
  "last_epoch_loss": 0.0099486367863267974, 
  "data_type": "0entropy", 
  "lower_bound": 0, 
  "learning_rate": 0.002, 
  "file_size": 1000000, 
  "num_layers": 4, 
  "batch_size": 50, 
  "info_path": "data/sequence_data/info_0entropy_1_iter_31_markovity.txt", 
  "num_epochs": 100, 
  "markovity": 31, 
  "epoch_stopped": 35, 
  "save_every": 1000, 
  "init_from": null, 
  "rnn_size": 128, 
  "p1": 0.5, 
  "Entropy": 0, 
  "seq_length": 50, 
  "decay_rate": 0.99, 
  "data_path": "data/sequence_data/input_0entropy_1_iter_31_markovity.txt", 
  "save_dir": "save", 
  "output_path": "outputs/output_0entropy_4.txt", 
  "model": "lstm"
}
 ############################################# 
{
  "grad_clip": 5.0, 
  "vocab_size": 2, 
  "last_epoch_loss": 0.0092241076447952212, 
  "data_type": "0entropy", 
  "lower_bound": 0, 
  "learning_rate": 0.002, 
  "file_size": 1000000, 
  "num_layers": 4, 
  "batch_size": 50, 
  "info_path": "data/sequence_data/info_0entropy_2_iter_31_markovity.txt", 
  "num_epochs": 100, 
  "markovity": 31, 
  "epoch_stopped": 31, 
  "save_every": 1000, 
  "init_from": null, 
  "rnn_size": 128, 
  "p1": 0.5, 
  "Entropy": 0, 
  "seq_length": 50, 
  "decay_rate": 0.99, 
  "data_path": "data/sequence_data/input_0entropy_2_iter_31_markovity.txt", 
  "save_dir": "save", 
  "output_path": "outputs/output_0entropy_4.txt", 
  "model": "lstm"
}
 ############################################# 
{
  "grad_clip": 5.0, 
  "vocab_size": 2, 
  "last_epoch_loss": 0.0079787393305205522, 
  "data_type": "0entropy", 
  "lower_bound": 0, 
  "learning_rate": 0.002, 
  "file_size": 1000000, 
  "num_layers": 4, 
  "batch_size": 50, 
  "info_path": "data/sequence_data/info_0entropy_3_iter_31_markovity.txt", 
  "num_epochs": 100, 
  "markovity": 31, 
  "epoch_stopped": 28, 
  "save_every": 1000, 
  "init_from": null, 
  "rnn_size": 128, 
  "p1": 0.5, 
  "Entropy": 0, 
  "seq_length": 50, 
  "decay_rate": 0.99, 
  "data_path": "data/sequence_data/input_0entropy_3_iter_31_markovity.txt", 
  "save_dir": "save", 
  "output_path": "outputs/output_0entropy_4.txt", 
  "model": "lstm"
}
 ############################################# 
{
  "grad_clip": 5.0, 
  "vocab_size": 2, 
  "last_epoch_loss": 1.0000033736077922, 
  "data_type": "0entropy", 
  "lower_bound": 0, 
  "learning_rate": 0.002, 
  "file_size": 1000000, 
  "num_layers": 4, 
  "batch_size": 50, 
  "info_path": "data/sequence_data/info_0entropy_4_iter_31_markovity.txt", 
  "num_epochs": 100, 
  "markovity": 31, 
  "epoch_stopped": 100, 
  "save_every": 1000, 
  "init_from": null, 
  "rnn_size": 128, 
  "p1": 0.5, 
  "Entropy": 0, 
  "seq_length": 50, 
  "decay_rate": 0.99, 
  "data_path": "data/sequence_data/input_0entropy_4_iter_31_markovity.txt", 
  "save_dir": "save", 
  "output_path": "outputs/output_0entropy_4.txt", 
  "model": "lstm"
}
 ############################################# 
{
  "grad_clip": 5.0, 
  "vocab_size": 2, 
  "last_epoch_loss": 0.0098489547175219464, 
  "data_type": "0entropy", 
  "lower_bound": 0, 
  "learning_rate": 0.002, 
  "file_size": 1000000, 
  "num_layers": 4, 
  "batch_size": 50, 
  "info_path": "data/sequence_data/info_0entropy_0_iter_41_markovity.txt", 
  "num_epochs": 100, 
  "markovity": 41, 
  "epoch_stopped": 78, 
  "save_every": 1000, 
  "init_from": null, 
  "rnn_size": 128, 
  "p1": 0.5, 
  "Entropy": 0, 
  "seq_length": 50, 
  "decay_rate": 0.99, 
  "data_path": "data/sequence_data/input_0entropy_0_iter_41_markovity.txt", 
  "save_dir": "save", 
  "output_path": "outputs/output_0entropy_4.txt", 
  "model": "lstm"
}
 ############################################# 
{
  "grad_clip": 5.0, 
  "vocab_size": 2, 
  "last_epoch_loss": 0.02765132921231989, 
  "data_type": "0entropy", 
  "lower_bound": 0, 
  "learning_rate": 0.002, 
  "file_size": 1000000, 
  "num_layers": 4, 
  "batch_size": 50, 
  "info_path": "data/sequence_data/info_0entropy_1_iter_41_markovity.txt", 
  "num_epochs": 100, 
  "markovity": 41, 
  "epoch_stopped": 100, 
  "save_every": 1000, 
  "init_from": null, 
  "rnn_size": 128, 
  "p1": 0.5, 
  "Entropy": 0, 
  "seq_length": 50, 
  "decay_rate": 0.99, 
  "data_path": "data/sequence_data/input_0entropy_1_iter_41_markovity.txt", 
  "save_dir": "save", 
  "output_path": "outputs/output_0entropy_4.txt", 
  "model": "lstm"
}
 ############################################# 
{
  "grad_clip": 5.0, 
  "vocab_size": 2, 
  "last_epoch_loss": 0.0092988835452565474, 
  "data_type": "0entropy", 
  "lower_bound": 0, 
  "learning_rate": 0.002, 
  "file_size": 1000000, 
  "num_layers": 4, 
  "batch_size": 50, 
  "info_path": "data/sequence_data/info_0entropy_2_iter_41_markovity.txt", 
  "num_epochs": 100, 
  "markovity": 41, 
  "epoch_stopped": 84, 
  "save_every": 1000, 
  "init_from": null, 
  "rnn_size": 128, 
  "p1": 0.5, 
  "Entropy": 0, 
  "seq_length": 50, 
  "decay_rate": 0.99, 
  "data_path": "data/sequence_data/input_0entropy_2_iter_41_markovity.txt", 
  "save_dir": "save", 
  "output_path": "outputs/output_0entropy_4.txt", 
  "model": "lstm"
}
 ############################################# 
