{
  "grad_clip": 5.0, 
  "vocab_size": 2, 
  "last_epoch_loss": 0.0047559544673185404, 
  "data_type": "0entropy", 
  "lower_bound": 0, 
  "learning_rate": 0.002, 
  "file_size": 1000000, 
  "num_layers": 2, 
  "batch_size": 50, 
  "info_path": "data/sequence_data/info_0entropy_0_iter_11_markovity.txt", 
  "num_epochs": 100, 
  "markovity": 11, 
  "epoch_stopped": 4, 
  "save_every": 1000, 
  "init_from": null, 
  "rnn_size": 128, 
  "p1": 0.5, 
  "Entropy": 0, 
  "seq_length": 50, 
  "decay_rate": 0.99, 
  "data_path": "data/sequence_data/input_0entropy_0_iter_11_markovity.txt", 
  "save_dir": "save", 
  "output_path": "outputs/output_0entropy_3.txt", 
  "model": "lstm"
}
 ############################################# 
{
  "grad_clip": 5.0, 
  "vocab_size": 2, 
  "last_epoch_loss": 0.0054013568096941637, 
  "data_type": "0entropy", 
  "lower_bound": 0, 
  "learning_rate": 0.002, 
  "file_size": 1000000, 
  "num_layers": 2, 
  "batch_size": 50, 
  "info_path": "data/sequence_data/info_0entropy_1_iter_11_markovity.txt", 
  "num_epochs": 100, 
  "markovity": 11, 
  "epoch_stopped": 4, 
  "save_every": 1000, 
  "init_from": null, 
  "rnn_size": 128, 
  "p1": 0.5, 
  "Entropy": 0, 
  "seq_length": 50, 
  "decay_rate": 0.99, 
  "data_path": "data/sequence_data/input_0entropy_1_iter_11_markovity.txt", 
  "save_dir": "save", 
  "output_path": "outputs/output_0entropy_3.txt", 
  "model": "lstm"
}
 ############################################# 
{
  "grad_clip": 5.0, 
  "vocab_size": 2, 
  "last_epoch_loss": 0.0052246222416584987, 
  "data_type": "0entropy", 
  "lower_bound": 0, 
  "learning_rate": 0.002, 
  "file_size": 1000000, 
  "num_layers": 2, 
  "batch_size": 50, 
  "info_path": "data/sequence_data/info_0entropy_2_iter_11_markovity.txt", 
  "num_epochs": 100, 
  "markovity": 11, 
  "epoch_stopped": 4, 
  "save_every": 1000, 
  "init_from": null, 
  "rnn_size": 128, 
  "p1": 0.5, 
  "Entropy": 0, 
  "seq_length": 50, 
  "decay_rate": 0.99, 
  "data_path": "data/sequence_data/input_0entropy_2_iter_11_markovity.txt", 
  "save_dir": "save", 
  "output_path": "outputs/output_0entropy_3.txt", 
  "model": "lstm"
}
 ############################################# 
{
  "grad_clip": 5.0, 
  "vocab_size": 2, 
  "last_epoch_loss": 0.0059376029189181371, 
  "data_type": "0entropy", 
  "lower_bound": 0, 
  "learning_rate": 0.002, 
  "file_size": 1000000, 
  "num_layers": 2, 
  "batch_size": 50, 
  "info_path": "data/sequence_data/info_0entropy_3_iter_11_markovity.txt", 
  "num_epochs": 100, 
  "markovity": 11, 
  "epoch_stopped": 3, 
  "save_every": 1000, 
  "init_from": null, 
  "rnn_size": 128, 
  "p1": 0.5, 
  "Entropy": 0, 
  "seq_length": 50, 
  "decay_rate": 0.99, 
  "data_path": "data/sequence_data/input_0entropy_3_iter_11_markovity.txt", 
  "save_dir": "save", 
  "output_path": "outputs/output_0entropy_3.txt", 
  "model": "lstm"
}
 ############################################# 
{
  "grad_clip": 5.0, 
  "vocab_size": 2, 
  "last_epoch_loss": 0.0050328476611670734, 
  "data_type": "0entropy", 
  "lower_bound": 0, 
  "learning_rate": 0.002, 
  "file_size": 1000000, 
  "num_layers": 2, 
  "batch_size": 50, 
  "info_path": "data/sequence_data/info_0entropy_4_iter_11_markovity.txt", 
  "num_epochs": 100, 
  "markovity": 11, 
  "epoch_stopped": 4, 
  "save_every": 1000, 
  "init_from": null, 
  "rnn_size": 128, 
  "p1": 0.5, 
  "Entropy": 0, 
  "seq_length": 50, 
  "decay_rate": 0.99, 
  "data_path": "data/sequence_data/input_0entropy_4_iter_11_markovity.txt", 
  "save_dir": "save", 
  "output_path": "outputs/output_0entropy_3.txt", 
  "model": "lstm"
}
 ############################################# 
{
  "grad_clip": 5.0, 
  "vocab_size": 2, 
  "last_epoch_loss": 0.0075667226506384092, 
  "data_type": "0entropy", 
  "lower_bound": 0, 
  "learning_rate": 0.002, 
  "file_size": 1000000, 
  "num_layers": 2, 
  "batch_size": 50, 
  "info_path": "data/sequence_data/info_0entropy_0_iter_21_markovity.txt", 
  "num_epochs": 100, 
  "markovity": 21, 
  "epoch_stopped": 7, 
  "save_every": 1000, 
  "init_from": null, 
  "rnn_size": 128, 
  "p1": 0.5, 
  "Entropy": 0, 
  "seq_length": 50, 
  "decay_rate": 0.99, 
  "data_path": "data/sequence_data/input_0entropy_0_iter_21_markovity.txt", 
  "save_dir": "save", 
  "output_path": "outputs/output_0entropy_3.txt", 
  "model": "lstm"
}
 ############################################# 
{
  "grad_clip": 5.0, 
  "vocab_size": 2, 
  "last_epoch_loss": 0.0098811655081761426, 
  "data_type": "0entropy", 
  "lower_bound": 0, 
  "learning_rate": 0.002, 
  "file_size": 1000000, 
  "num_layers": 2, 
  "batch_size": 50, 
  "info_path": "data/sequence_data/info_0entropy_1_iter_21_markovity.txt", 
  "num_epochs": 100, 
  "markovity": 21, 
  "epoch_stopped": 6, 
  "save_every": 1000, 
  "init_from": null, 
  "rnn_size": 128, 
  "p1": 0.5, 
  "Entropy": 0, 
  "seq_length": 50, 
  "decay_rate": 0.99, 
  "data_path": "data/sequence_data/input_0entropy_1_iter_21_markovity.txt", 
  "save_dir": "save", 
  "output_path": "outputs/output_0entropy_3.txt", 
  "model": "lstm"
}
 ############################################# 
{
  "grad_clip": 5.0, 
  "vocab_size": 2, 
  "last_epoch_loss": 0.0062503963932543181, 
  "data_type": "0entropy", 
  "lower_bound": 0, 
  "learning_rate": 0.002, 
  "file_size": 1000000, 
  "num_layers": 2, 
  "batch_size": 50, 
  "info_path": "data/sequence_data/info_0entropy_2_iter_21_markovity.txt", 
  "num_epochs": 100, 
  "markovity": 21, 
  "epoch_stopped": 8, 
  "save_every": 1000, 
  "init_from": null, 
  "rnn_size": 128, 
  "p1": 0.5, 
  "Entropy": 0, 
  "seq_length": 50, 
  "decay_rate": 0.99, 
  "data_path": "data/sequence_data/input_0entropy_2_iter_21_markovity.txt", 
  "save_dir": "save", 
  "output_path": "outputs/output_0entropy_3.txt", 
  "model": "lstm"
}
 ############################################# 
{
  "grad_clip": 5.0, 
  "vocab_size": 2, 
  "last_epoch_loss": 0.00745469954673641, 
  "data_type": "0entropy", 
  "lower_bound": 0, 
  "learning_rate": 0.002, 
  "file_size": 1000000, 
  "num_layers": 2, 
  "batch_size": 50, 
  "info_path": "data/sequence_data/info_0entropy_3_iter_21_markovity.txt", 
  "num_epochs": 100, 
  "markovity": 21, 
  "epoch_stopped": 10, 
  "save_every": 1000, 
  "init_from": null, 
  "rnn_size": 128, 
  "p1": 0.5, 
  "Entropy": 0, 
  "seq_length": 50, 
  "decay_rate": 0.99, 
  "data_path": "data/sequence_data/input_0entropy_3_iter_21_markovity.txt", 
  "save_dir": "save", 
  "output_path": "outputs/output_0entropy_3.txt", 
  "model": "lstm"
}
 ############################################# 
{
  "grad_clip": 5.0, 
  "vocab_size": 2, 
  "last_epoch_loss": 0.0080125653113717384, 
  "data_type": "0entropy", 
  "lower_bound": 0, 
  "learning_rate": 0.002, 
  "file_size": 1000000, 
  "num_layers": 2, 
  "batch_size": 50, 
  "info_path": "data/sequence_data/info_0entropy_4_iter_21_markovity.txt", 
  "num_epochs": 100, 
  "markovity": 21, 
  "epoch_stopped": 7, 
  "save_every": 1000, 
  "init_from": null, 
  "rnn_size": 128, 
  "p1": 0.5, 
  "Entropy": 0, 
  "seq_length": 50, 
  "decay_rate": 0.99, 
  "data_path": "data/sequence_data/input_0entropy_4_iter_21_markovity.txt", 
  "save_dir": "save", 
  "output_path": "outputs/output_0entropy_3.txt", 
  "model": "lstm"
}
 ############################################# 
{
  "grad_clip": 5.0, 
  "vocab_size": 2, 
  "last_epoch_loss": 0.0065151121028984901, 
  "data_type": "0entropy", 
  "lower_bound": 0, 
  "learning_rate": 0.002, 
  "file_size": 1000000, 
  "num_layers": 2, 
  "batch_size": 50, 
  "info_path": "data/sequence_data/info_0entropy_0_iter_31_markovity.txt", 
  "num_epochs": 100, 
  "markovity": 31, 
  "epoch_stopped": 90, 
  "save_every": 1000, 
  "init_from": null, 
  "rnn_size": 128, 
  "p1": 0.5, 
  "Entropy": 0, 
  "seq_length": 50, 
  "decay_rate": 0.99, 
  "data_path": "data/sequence_data/input_0entropy_0_iter_31_markovity.txt", 
  "save_dir": "save", 
  "output_path": "outputs/output_0entropy_3.txt", 
  "model": "lstm"
}
 ############################################# 
{
  "grad_clip": 5.0, 
  "vocab_size": 2, 
  "last_epoch_loss": 0.0085285399198014797, 
  "data_type": "0entropy", 
  "lower_bound": 0, 
  "learning_rate": 0.002, 
  "file_size": 1000000, 
  "num_layers": 2, 
  "batch_size": 50, 
  "info_path": "data/sequence_data/info_0entropy_1_iter_31_markovity.txt", 
  "num_epochs": 100, 
  "markovity": 31, 
  "epoch_stopped": 35, 
  "save_every": 1000, 
  "init_from": null, 
  "rnn_size": 128, 
  "p1": 0.5, 
  "Entropy": 0, 
  "seq_length": 50, 
  "decay_rate": 0.99, 
  "data_path": "data/sequence_data/input_0entropy_1_iter_31_markovity.txt", 
  "save_dir": "save", 
  "output_path": "outputs/output_0entropy_3.txt", 
  "model": "lstm"
}
 ############################################# 
{
  "grad_clip": 5.0, 
  "vocab_size": 2, 
  "last_epoch_loss": 0.009961530560584568, 
  "data_type": "0entropy", 
  "lower_bound": 0, 
  "learning_rate": 0.002, 
  "file_size": 1000000, 
  "num_layers": 2, 
  "batch_size": 50, 
  "info_path": "data/sequence_data/info_0entropy_2_iter_31_markovity.txt", 
  "num_epochs": 100, 
  "markovity": 31, 
  "epoch_stopped": 31, 
  "save_every": 1000, 
  "init_from": null, 
  "rnn_size": 128, 
  "p1": 0.5, 
  "Entropy": 0, 
  "seq_length": 50, 
  "decay_rate": 0.99, 
  "data_path": "data/sequence_data/input_0entropy_2_iter_31_markovity.txt", 
  "save_dir": "save", 
  "output_path": "outputs/output_0entropy_3.txt", 
  "model": "lstm"
}
 ############################################# 
{
  "grad_clip": 5.0, 
  "vocab_size": 2, 
  "last_epoch_loss": 0.0081915571677603667, 
  "data_type": "0entropy", 
  "lower_bound": 0, 
  "learning_rate": 0.002, 
  "file_size": 1000000, 
  "num_layers": 2, 
  "batch_size": 50, 
  "info_path": "data/sequence_data/info_0entropy_3_iter_31_markovity.txt", 
  "num_epochs": 100, 
  "markovity": 31, 
  "epoch_stopped": 34, 
  "save_every": 1000, 
  "init_from": null, 
  "rnn_size": 128, 
  "p1": 0.5, 
  "Entropy": 0, 
  "seq_length": 50, 
  "decay_rate": 0.99, 
  "data_path": "data/sequence_data/input_0entropy_3_iter_31_markovity.txt", 
  "save_dir": "save", 
  "output_path": "outputs/output_0entropy_3.txt", 
  "model": "lstm"
}
 ############################################# 
{
  "grad_clip": 5.0, 
  "vocab_size": 2, 
  "last_epoch_loss": 0.007766343652062929, 
  "data_type": "0entropy", 
  "lower_bound": 0, 
  "learning_rate": 0.002, 
  "file_size": 1000000, 
  "num_layers": 2, 
  "batch_size": 50, 
  "info_path": "data/sequence_data/info_0entropy_4_iter_31_markovity.txt", 
  "num_epochs": 100, 
  "markovity": 31, 
  "epoch_stopped": 47, 
  "save_every": 1000, 
  "init_from": null, 
  "rnn_size": 128, 
  "p1": 0.5, 
  "Entropy": 0, 
  "seq_length": 50, 
  "decay_rate": 0.99, 
  "data_path": "data/sequence_data/input_0entropy_4_iter_31_markovity.txt", 
  "save_dir": "save", 
  "output_path": "outputs/output_0entropy_3.txt", 
  "model": "lstm"
}
 ############################################# 
{
  "grad_clip": 5.0, 
  "vocab_size": 2, 
  "last_epoch_loss": 1.0000320977201829, 
  "data_type": "0entropy", 
  "lower_bound": 0, 
  "learning_rate": 0.002, 
  "file_size": 1000000, 
  "num_layers": 2, 
  "batch_size": 50, 
  "info_path": "data/sequence_data/info_0entropy_0_iter_41_markovity.txt", 
  "num_epochs": 100, 
  "markovity": 41, 
  "epoch_stopped": 100, 
  "save_every": 1000, 
  "init_from": null, 
  "rnn_size": 128, 
  "p1": 0.5, 
  "Entropy": 0, 
  "seq_length": 50, 
  "decay_rate": 0.99, 
  "data_path": "data/sequence_data/input_0entropy_0_iter_41_markovity.txt", 
  "save_dir": "save", 
  "output_path": "outputs/output_0entropy_3.txt", 
  "model": "lstm"
}
 ############################################# 
{
  "grad_clip": 5.0, 
  "vocab_size": 2, 
  "last_epoch_loss": 0.063903197349189575, 
  "data_type": "0entropy", 
  "lower_bound": 0, 
  "learning_rate": 0.002, 
  "file_size": 1000000, 
  "num_layers": 2, 
  "batch_size": 50, 
  "info_path": "data/sequence_data/info_0entropy_1_iter_41_markovity.txt", 
  "num_epochs": 100, 
  "markovity": 41, 
  "epoch_stopped": 100, 
  "save_every": 1000, 
  "init_from": null, 
  "rnn_size": 128, 
  "p1": 0.5, 
  "Entropy": 0, 
  "seq_length": 50, 
  "decay_rate": 0.99, 
  "data_path": "data/sequence_data/input_0entropy_1_iter_41_markovity.txt", 
  "save_dir": "save", 
  "output_path": "outputs/output_0entropy_3.txt", 
  "model": "lstm"
}
 ############################################# 
{
  "grad_clip": 5.0, 
  "vocab_size": 2, 
  "last_epoch_loss": 0.19356484229064763, 
  "data_type": "0entropy", 
  "lower_bound": 0, 
  "learning_rate": 0.002, 
  "file_size": 1000000, 
  "num_layers": 2, 
  "batch_size": 50, 
  "info_path": "data/sequence_data/info_0entropy_2_iter_41_markovity.txt", 
  "num_epochs": 100, 
  "markovity": 41, 
  "epoch_stopped": 100, 
  "save_every": 1000, 
  "init_from": null, 
  "rnn_size": 128, 
  "p1": 0.5, 
  "Entropy": 0, 
  "seq_length": 50, 
  "decay_rate": 0.99, 
  "data_path": "data/sequence_data/input_0entropy_2_iter_41_markovity.txt", 
  "save_dir": "save", 
  "output_path": "outputs/output_0entropy_3.txt", 
  "model": "lstm"
}
 ############################################# 
{
  "grad_clip": 5.0, 
  "vocab_size": 2, 
  "last_epoch_loss": 0.26757472058626275, 
  "data_type": "0entropy", 
  "lower_bound": 0, 
  "learning_rate": 0.002, 
  "file_size": 1000000, 
  "num_layers": 2, 
  "batch_size": 50, 
  "info_path": "data/sequence_data/info_0entropy_3_iter_41_markovity.txt", 
  "num_epochs": 100, 
  "markovity": 41, 
  "epoch_stopped": 100, 
  "save_every": 1000, 
  "init_from": null, 
  "rnn_size": 128, 
  "p1": 0.5, 
  "Entropy": 0, 
  "seq_length": 50, 
  "decay_rate": 0.99, 
  "data_path": "data/sequence_data/input_0entropy_3_iter_41_markovity.txt", 
  "save_dir": "save", 
  "output_path": "outputs/output_0entropy_3.txt", 
  "model": "lstm"
}
 ############################################# 
{
  "grad_clip": 5.0, 
  "vocab_size": 2, 
  "last_epoch_loss": 0.0097102697649932863, 
  "data_type": "0entropy", 
  "lower_bound": 0, 
  "learning_rate": 0.002, 
  "file_size": 1000000, 
  "num_layers": 2, 
  "batch_size": 50, 
  "info_path": "data/sequence_data/info_0entropy_4_iter_41_markovity.txt", 
  "num_epochs": 100, 
  "markovity": 41, 
  "epoch_stopped": 80, 
  "save_every": 1000, 
  "init_from": null, 
  "rnn_size": 128, 
  "p1": 0.5, 
  "Entropy": 0, 
  "seq_length": 50, 
  "decay_rate": 0.99, 
  "data_path": "data/sequence_data/input_0entropy_4_iter_41_markovity.txt", 
  "save_dir": "save", 
  "output_path": "outputs/output_0entropy_3.txt", 
  "model": "lstm"
}
 ############################################# 
{
  "grad_clip": 5.0, 
  "vocab_size": 2, 
  "last_epoch_loss": 1.0000095116686019, 
  "data_type": "0entropy", 
  "lower_bound": 0, 
  "learning_rate": 0.002, 
  "file_size": 1000000, 
  "num_layers": 2, 
  "batch_size": 50, 
  "info_path": "data/sequence_data/info_0entropy_0_iter_51_markovity.txt", 
  "num_epochs": 100, 
  "markovity": 51, 
  "epoch_stopped": 100, 
  "save_every": 1000, 
  "init_from": null, 
  "rnn_size": 128, 
  "p1": 0.5, 
  "Entropy": 0, 
  "seq_length": 50, 
  "decay_rate": 0.99, 
  "data_path": "data/sequence_data/input_0entropy_0_iter_51_markovity.txt", 
  "save_dir": "save", 
  "output_path": "outputs/output_0entropy_3.txt", 
  "model": "lstm"
}
 ############################################# 
{
  "grad_clip": 5.0, 
  "vocab_size": 2, 
  "last_epoch_loss": 0.99999010192160354, 
  "data_type": "0entropy", 
  "lower_bound": 0, 
  "learning_rate": 0.002, 
  "file_size": 1000000, 
  "num_layers": 2, 
  "batch_size": 50, 
  "info_path": "data/sequence_data/info_0entropy_1_iter_51_markovity.txt", 
  "num_epochs": 100, 
  "markovity": 51, 
  "epoch_stopped": 100, 
  "save_every": 1000, 
  "init_from": null, 
  "rnn_size": 128, 
  "p1": 0.5, 
  "Entropy": 0, 
  "seq_length": 50, 
  "decay_rate": 0.99, 
  "data_path": "data/sequence_data/input_0entropy_1_iter_51_markovity.txt", 
  "save_dir": "save", 
  "output_path": "outputs/output_0entropy_3.txt", 
  "model": "lstm"
}
 ############################################# 
{
  "grad_clip": 5.0, 
  "vocab_size": 2, 
  "last_epoch_loss": 1.0000007614063038, 
  "data_type": "0entropy", 
  "lower_bound": 0, 
  "learning_rate": 0.002, 
  "file_size": 1000000, 
  "num_layers": 2, 
  "batch_size": 50, 
  "info_path": "data/sequence_data/info_0entropy_2_iter_51_markovity.txt", 
  "num_epochs": 100, 
  "markovity": 51, 
  "epoch_stopped": 100, 
  "save_every": 1000, 
  "init_from": null, 
  "rnn_size": 128, 
  "p1": 0.5, 
  "Entropy": 0, 
  "seq_length": 50, 
  "decay_rate": 0.99, 
  "data_path": "data/sequence_data/input_0entropy_2_iter_51_markovity.txt", 
  "save_dir": "save", 
  "output_path": "outputs/output_0entropy_3.txt", 
  "model": "lstm"
}
 ############################################# 
{
  "grad_clip": 5.0, 
  "vocab_size": 2, 
  "last_epoch_loss": 1.0000010640957691, 
  "data_type": "0entropy", 
  "lower_bound": 0, 
  "learning_rate": 0.002, 
  "file_size": 1000000, 
  "num_layers": 2, 
  "batch_size": 50, 
  "info_path": "data/sequence_data/info_0entropy_3_iter_51_markovity.txt", 
  "num_epochs": 100, 
  "markovity": 51, 
  "epoch_stopped": 100, 
  "save_every": 1000, 
  "init_from": null, 
  "rnn_size": 128, 
  "p1": 0.5, 
  "Entropy": 0, 
  "seq_length": 50, 
  "decay_rate": 0.99, 
  "data_path": "data/sequence_data/input_0entropy_3_iter_51_markovity.txt", 
  "save_dir": "save", 
  "output_path": "outputs/output_0entropy_3.txt", 
  "model": "lstm"
}
 ############################################# 
{
  "grad_clip": 5.0, 
  "vocab_size": 2, 
  "last_epoch_loss": 1.0000307839877089, 
  "data_type": "0entropy", 
  "lower_bound": 0, 
  "learning_rate": 0.002, 
  "file_size": 1000000, 
  "num_layers": 2, 
  "batch_size": 50, 
  "info_path": "data/sequence_data/info_0entropy_4_iter_51_markovity.txt", 
  "num_epochs": 100, 
  "markovity": 51, 
  "epoch_stopped": 100, 
  "save_every": 1000, 
  "init_from": null, 
  "rnn_size": 128, 
  "p1": 0.5, 
  "Entropy": 0, 
  "seq_length": 50, 
  "decay_rate": 0.99, 
  "data_path": "data/sequence_data/input_0entropy_4_iter_51_markovity.txt", 
  "save_dir": "save", 
  "output_path": "outputs/output_0entropy_3.txt", 
  "model": "lstm"
}
 ############################################# 
{
  "grad_clip": 5.0, 
  "vocab_size": 2, 
  "last_epoch_loss": 1.0000355784340582, 
  "data_type": "0entropy", 
  "lower_bound": 0, 
  "learning_rate": 0.002, 
  "file_size": 1000000, 
  "num_layers": 2, 
  "batch_size": 50, 
  "info_path": "data/sequence_data/info_0entropy_0_iter_61_markovity.txt", 
  "num_epochs": 100, 
  "markovity": 61, 
  "epoch_stopped": 100, 
  "save_every": 1000, 
  "init_from": null, 
  "rnn_size": 128, 
  "p1": 0.5, 
  "Entropy": 0, 
  "seq_length": 50, 
  "decay_rate": 0.99, 
  "data_path": "data/sequence_data/input_0entropy_0_iter_61_markovity.txt", 
  "save_dir": "save", 
  "output_path": "outputs/output_0entropy_3.txt", 
  "model": "lstm"
}
 ############################################# 
{
  "grad_clip": 5.0, 
  "vocab_size": 2, 
  "last_epoch_loss": 1.0000337792805518, 
  "data_type": "0entropy", 
  "lower_bound": 0, 
  "learning_rate": 0.002, 
  "file_size": 1000000, 
  "num_layers": 2, 
  "batch_size": 50, 
  "info_path": "data/sequence_data/info_0entropy_1_iter_61_markovity.txt", 
  "num_epochs": 100, 
  "markovity": 61, 
  "epoch_stopped": 100, 
  "save_every": 1000, 
  "init_from": null, 
  "rnn_size": 128, 
  "p1": 0.5, 
  "Entropy": 0, 
  "seq_length": 50, 
  "decay_rate": 0.99, 
  "data_path": "data/sequence_data/input_0entropy_1_iter_61_markovity.txt", 
  "save_dir": "save", 
  "output_path": "outputs/output_0entropy_3.txt", 
  "model": "lstm"
}
 ############################################# 
{
  "grad_clip": 5.0, 
  "vocab_size": 2, 
  "last_epoch_loss": 1.0000130669799507, 
  "data_type": "0entropy", 
  "lower_bound": 0, 
  "learning_rate": 0.002, 
  "file_size": 1000000, 
  "num_layers": 2, 
  "batch_size": 50, 
  "info_path": "data/sequence_data/info_0entropy_2_iter_61_markovity.txt", 
  "num_epochs": 100, 
  "markovity": 61, 
  "epoch_stopped": 100, 
  "save_every": 1000, 
  "init_from": null, 
  "rnn_size": 128, 
  "p1": 0.5, 
  "Entropy": 0, 
  "seq_length": 50, 
  "decay_rate": 0.99, 
  "data_path": "data/sequence_data/input_0entropy_2_iter_61_markovity.txt", 
  "save_dir": "save", 
  "output_path": "outputs/output_0entropy_3.txt", 
  "model": "lstm"
}
 ############################################# 
{
  "grad_clip": 5.0, 
  "vocab_size": 2, 
  "last_epoch_loss": 1.0000098169378053, 
  "data_type": "0entropy", 
  "lower_bound": 0, 
  "learning_rate": 0.002, 
  "file_size": 1000000, 
  "num_layers": 2, 
  "batch_size": 50, 
  "info_path": "data/sequence_data/info_0entropy_3_iter_61_markovity.txt", 
  "num_epochs": 100, 
  "markovity": 61, 
  "epoch_stopped": 100, 
  "save_every": 1000, 
  "init_from": null, 
  "rnn_size": 128, 
  "p1": 0.5, 
  "Entropy": 0, 
  "seq_length": 50, 
  "decay_rate": 0.99, 
  "data_path": "data/sequence_data/input_0entropy_3_iter_61_markovity.txt", 
  "save_dir": "save", 
  "output_path": "outputs/output_0entropy_3.txt", 
  "model": "lstm"
}
 ############################################# 
{
  "grad_clip": 5.0, 
  "vocab_size": 2, 
  "last_epoch_loss": 1.0000033579143754, 
  "data_type": "0entropy", 
  "lower_bound": 0, 
  "learning_rate": 0.002, 
  "file_size": 1000000, 
  "num_layers": 2, 
  "batch_size": 50, 
  "info_path": "data/sequence_data/info_0entropy_4_iter_61_markovity.txt", 
  "num_epochs": 100, 
  "markovity": 61, 
  "epoch_stopped": 100, 
  "save_every": 1000, 
  "init_from": null, 
  "rnn_size": 128, 
  "p1": 0.5, 
  "Entropy": 0, 
  "seq_length": 50, 
  "decay_rate": 0.99, 
  "data_path": "data/sequence_data/input_0entropy_4_iter_61_markovity.txt", 
  "save_dir": "save", 
  "output_path": "outputs/output_0entropy_3.txt", 
  "model": "lstm"
}
 ############################################# 
{
  "grad_clip": 5.0, 
  "vocab_size": 2, 
  "last_epoch_loss": 0.99986682303763852, 
  "data_type": "0entropy", 
  "lower_bound": 0, 
  "learning_rate": 0.002, 
  "file_size": 1000000, 
  "num_layers": 2, 
  "batch_size": 50, 
  "info_path": "data/sequence_data/info_0entropy_0_iter_71_markovity.txt", 
  "num_epochs": 100, 
  "markovity": 71, 
  "epoch_stopped": 100, 
  "save_every": 1000, 
  "init_from": null, 
  "rnn_size": 128, 
  "p1": 0.5, 
  "Entropy": 0, 
  "seq_length": 50, 
  "decay_rate": 0.99, 
  "data_path": "data/sequence_data/input_0entropy_0_iter_71_markovity.txt", 
  "save_dir": "save", 
  "output_path": "outputs/output_0entropy_3.txt", 
  "model": "lstm"
}
 ############################################# 
{
  "grad_clip": 5.0, 
  "vocab_size": 2, 
  "last_epoch_loss": 1.0000361244789742, 
  "data_type": "0entropy", 
  "lower_bound": 0, 
  "learning_rate": 0.002, 
  "file_size": 1000000, 
  "num_layers": 2, 
  "batch_size": 50, 
  "info_path": "data/sequence_data/info_0entropy_1_iter_71_markovity.txt", 
  "num_epochs": 100, 
  "markovity": 71, 
  "epoch_stopped": 100, 
  "save_every": 1000, 
  "init_from": null, 
  "rnn_size": 128, 
  "p1": 0.5, 
  "Entropy": 0, 
  "seq_length": 50, 
  "decay_rate": 0.99, 
  "data_path": "data/sequence_data/input_0entropy_1_iter_71_markovity.txt", 
  "save_dir": "save", 
  "output_path": "outputs/output_0entropy_3.txt", 
  "model": "lstm"
}
 ############################################# 
{
  "grad_clip": 5.0, 
  "vocab_size": 2, 
  "last_epoch_loss": 1.00000744551203, 
  "data_type": "0entropy", 
  "lower_bound": 0, 
  "learning_rate": 0.002, 
  "file_size": 1000000, 
  "num_layers": 2, 
  "batch_size": 50, 
  "info_path": "data/sequence_data/info_0entropy_2_iter_71_markovity.txt", 
  "num_epochs": 100, 
  "markovity": 71, 
  "epoch_stopped": 100, 
  "save_every": 1000, 
  "init_from": null, 
  "rnn_size": 128, 
  "p1": 0.5, 
  "Entropy": 0, 
  "seq_length": 50, 
  "decay_rate": 0.99, 
  "data_path": "data/sequence_data/input_0entropy_2_iter_71_markovity.txt", 
  "save_dir": "save", 
  "output_path": "outputs/output_0entropy_3.txt", 
  "model": "lstm"
}
 ############################################# 
{
  "grad_clip": 5.0, 
  "vocab_size": 2, 
  "last_epoch_loss": 0.99985866332076812, 
  "data_type": "0entropy", 
  "lower_bound": 0, 
  "learning_rate": 0.002, 
  "file_size": 1000000, 
  "num_layers": 2, 
  "batch_size": 50, 
  "info_path": "data/sequence_data/info_0entropy_3_iter_71_markovity.txt", 
  "num_epochs": 100, 
  "markovity": 71, 
  "epoch_stopped": 100, 
  "save_every": 1000, 
  "init_from": null, 
  "rnn_size": 128, 
  "p1": 0.5, 
  "Entropy": 0, 
  "seq_length": 50, 
  "decay_rate": 0.99, 
  "data_path": "data/sequence_data/input_0entropy_3_iter_71_markovity.txt", 
  "save_dir": "save", 
  "output_path": "outputs/output_0entropy_3.txt", 
  "model": "lstm"
}
 ############################################# 
{
  "grad_clip": 5.0, 
  "vocab_size": 2, 
  "last_epoch_loss": 1.0000036139535478, 
  "data_type": "0entropy", 
  "lower_bound": 0, 
  "learning_rate": 0.002, 
  "file_size": 1000000, 
  "num_layers": 2, 
  "batch_size": 50, 
  "info_path": "data/sequence_data/info_0entropy_4_iter_71_markovity.txt", 
  "num_epochs": 100, 
  "markovity": 71, 
  "epoch_stopped": 100, 
  "save_every": 1000, 
  "init_from": null, 
  "rnn_size": 128, 
  "p1": 0.5, 
  "Entropy": 0, 
  "seq_length": 50, 
  "decay_rate": 0.99, 
  "data_path": "data/sequence_data/input_0entropy_4_iter_71_markovity.txt", 
  "save_dir": "save", 
  "output_path": "outputs/output_0entropy_3.txt", 
  "model": "lstm"
}
 ############################################# 
{
  "grad_clip": 5.0, 
  "vocab_size": 2, 
  "last_epoch_loss": 1.0000165517784152, 
  "data_type": "0entropy", 
  "lower_bound": 0, 
  "learning_rate": 0.002, 
  "file_size": 1000000, 
  "num_layers": 2, 
  "batch_size": 50, 
  "info_path": "data/sequence_data/info_0entropy_0_iter_81_markovity.txt", 
  "num_epochs": 100, 
  "markovity": 81, 
  "epoch_stopped": 100, 
  "save_every": 1000, 
  "init_from": null, 
  "rnn_size": 128, 
  "p1": 0.5, 
  "Entropy": 0, 
  "seq_length": 50, 
  "decay_rate": 0.99, 
  "data_path": "data/sequence_data/input_0entropy_0_iter_81_markovity.txt", 
  "save_dir": "save", 
  "output_path": "outputs/output_0entropy_3.txt", 
  "model": "lstm"
}
 ############################################# 
{
  "grad_clip": 5.0, 
  "vocab_size": 2, 
  "last_epoch_loss": 0.99423078431573553, 
  "data_type": "0entropy", 
  "lower_bound": 0, 
  "learning_rate": 0.002, 
  "file_size": 1000000, 
  "num_layers": 2, 
  "batch_size": 50, 
  "info_path": "data/sequence_data/info_0entropy_1_iter_81_markovity.txt", 
  "num_epochs": 100, 
  "markovity": 81, 
  "epoch_stopped": 100, 
  "save_every": 1000, 
  "init_from": null, 
  "rnn_size": 128, 
  "p1": 0.5, 
  "Entropy": 0, 
  "seq_length": 50, 
  "decay_rate": 0.99, 
  "data_path": "data/sequence_data/input_0entropy_1_iter_81_markovity.txt", 
  "save_dir": "save", 
  "output_path": "outputs/output_0entropy_3.txt", 
  "model": "lstm"
}
 ############################################# 
{
  "grad_clip": 5.0, 
  "vocab_size": 2, 
  "last_epoch_loss": 0.99938134482134799, 
  "data_type": "0entropy", 
  "lower_bound": 0, 
  "learning_rate": 0.002, 
  "file_size": 1000000, 
  "num_layers": 2, 
  "batch_size": 50, 
  "info_path": "data/sequence_data/info_0entropy_2_iter_81_markovity.txt", 
  "num_epochs": 100, 
  "markovity": 81, 
  "epoch_stopped": 100, 
  "save_every": 1000, 
  "init_from": null, 
  "rnn_size": 128, 
  "p1": 0.5, 
  "Entropy": 0, 
  "seq_length": 50, 
  "decay_rate": 0.99, 
  "data_path": "data/sequence_data/input_0entropy_2_iter_81_markovity.txt", 
  "save_dir": "save", 
  "output_path": "outputs/output_0entropy_3.txt", 
  "model": "lstm"
}
 ############################################# 
{
  "grad_clip": 5.0, 
  "vocab_size": 2, 
  "last_epoch_loss": 0.99992035113287092, 
  "data_type": "0entropy", 
  "lower_bound": 0, 
  "learning_rate": 0.002, 
  "file_size": 1000000, 
  "num_layers": 2, 
  "batch_size": 50, 
  "info_path": "data/sequence_data/info_0entropy_3_iter_81_markovity.txt", 
  "num_epochs": 100, 
  "markovity": 81, 
  "epoch_stopped": 100, 
  "save_every": 1000, 
  "init_from": null, 
  "rnn_size": 128, 
  "p1": 0.5, 
  "Entropy": 0, 
  "seq_length": 50, 
  "decay_rate": 0.99, 
  "data_path": "data/sequence_data/input_0entropy_3_iter_81_markovity.txt", 
  "save_dir": "save", 
  "output_path": "outputs/output_0entropy_3.txt", 
  "model": "lstm"
}
 ############################################# 
{
  "grad_clip": 5.0, 
  "vocab_size": 2, 
  "last_epoch_loss": 1.0000033276024318, 
  "data_type": "0entropy", 
  "lower_bound": 0, 
  "learning_rate": 0.002, 
  "file_size": 1000000, 
  "num_layers": 2, 
  "batch_size": 50, 
  "info_path": "data/sequence_data/info_0entropy_4_iter_81_markovity.txt", 
  "num_epochs": 100, 
  "markovity": 81, 
  "epoch_stopped": 100, 
  "save_every": 1000, 
  "init_from": null, 
  "rnn_size": 128, 
  "p1": 0.5, 
  "Entropy": 0, 
  "seq_length": 50, 
  "decay_rate": 0.99, 
  "data_path": "data/sequence_data/input_0entropy_4_iter_81_markovity.txt", 
  "save_dir": "save", 
  "output_path": "outputs/output_0entropy_3.txt", 
  "model": "lstm"
}
 ############################################# 
{
  "grad_clip": 5.0, 
  "vocab_size": 2, 
  "last_epoch_loss": 0.99994982702442425, 
  "data_type": "0entropy", 
  "lower_bound": 0, 
  "learning_rate": 0.002, 
  "file_size": 1000000, 
  "num_layers": 2, 
  "batch_size": 50, 
  "info_path": "data/sequence_data/info_0entropy_0_iter_91_markovity.txt", 
  "num_epochs": 100, 
  "markovity": 91, 
  "epoch_stopped": 100, 
  "save_every": 1000, 
  "init_from": null, 
  "rnn_size": 128, 
  "p1": 0.5, 
  "Entropy": 0, 
  "seq_length": 50, 
  "decay_rate": 0.99, 
  "data_path": "data/sequence_data/input_0entropy_0_iter_91_markovity.txt", 
  "save_dir": "save", 
  "output_path": "outputs/output_0entropy_3.txt", 
  "model": "lstm"
}
 ############################################# 
{
  "grad_clip": 5.0, 
  "vocab_size": 2, 
  "last_epoch_loss": 0.99999714332128664, 
  "data_type": "0entropy", 
  "lower_bound": 0, 
  "learning_rate": 0.002, 
  "file_size": 1000000, 
  "num_layers": 2, 
  "batch_size": 50, 
  "info_path": "data/sequence_data/info_0entropy_1_iter_91_markovity.txt", 
  "num_epochs": 100, 
  "markovity": 91, 
  "epoch_stopped": 100, 
  "save_every": 1000, 
  "init_from": null, 
  "rnn_size": 128, 
  "p1": 0.5, 
  "Entropy": 0, 
  "seq_length": 50, 
  "decay_rate": 0.99, 
  "data_path": "data/sequence_data/input_0entropy_1_iter_91_markovity.txt", 
  "save_dir": "save", 
  "output_path": "outputs/output_0entropy_3.txt", 
  "model": "lstm"
}
 ############################################# 
{
  "grad_clip": 5.0, 
  "vocab_size": 2, 
  "last_epoch_loss": 0.99995488761392592, 
  "data_type": "0entropy", 
  "lower_bound": 0, 
  "learning_rate": 0.002, 
  "file_size": 1000000, 
  "num_layers": 2, 
  "batch_size": 50, 
  "info_path": "data/sequence_data/info_0entropy_2_iter_91_markovity.txt", 
  "num_epochs": 100, 
  "markovity": 91, 
  "epoch_stopped": 100, 
  "save_every": 1000, 
  "init_from": null, 
  "rnn_size": 128, 
  "p1": 0.5, 
  "Entropy": 0, 
  "seq_length": 50, 
  "decay_rate": 0.99, 
  "data_path": "data/sequence_data/input_0entropy_2_iter_91_markovity.txt", 
  "save_dir": "save", 
  "output_path": "outputs/output_0entropy_3.txt", 
  "model": "lstm"
}
 ############################################# 
{
  "grad_clip": 5.0, 
  "vocab_size": 2, 
  "last_epoch_loss": 0.99813906812880537, 
  "data_type": "0entropy", 
  "lower_bound": 0, 
  "learning_rate": 0.002, 
  "file_size": 1000000, 
  "num_layers": 2, 
  "batch_size": 50, 
  "info_path": "data/sequence_data/info_0entropy_3_iter_91_markovity.txt", 
  "num_epochs": 100, 
  "markovity": 91, 
  "epoch_stopped": 100, 
  "save_every": 1000, 
  "init_from": null, 
  "rnn_size": 128, 
  "p1": 0.5, 
  "Entropy": 0, 
  "seq_length": 50, 
  "decay_rate": 0.99, 
  "data_path": "data/sequence_data/input_0entropy_3_iter_91_markovity.txt", 
  "save_dir": "save", 
  "output_path": "outputs/output_0entropy_3.txt", 
  "model": "lstm"
}
 ############################################# 
{
  "grad_clip": 5.0, 
  "vocab_size": 2, 
  "last_epoch_loss": 1.0000212509893704, 
  "data_type": "0entropy", 
  "lower_bound": 0, 
  "learning_rate": 0.002, 
  "file_size": 1000000, 
  "num_layers": 2, 
  "batch_size": 50, 
  "info_path": "data/sequence_data/info_0entropy_4_iter_91_markovity.txt", 
  "num_epochs": 100, 
  "markovity": 91, 
  "epoch_stopped": 100, 
  "save_every": 1000, 
  "init_from": null, 
  "rnn_size": 128, 
  "p1": 0.5, 
  "Entropy": 0, 
  "seq_length": 50, 
  "decay_rate": 0.99, 
  "data_path": "data/sequence_data/input_0entropy_4_iter_91_markovity.txt", 
  "save_dir": "save", 
  "output_path": "outputs/output_0entropy_3.txt", 
  "model": "lstm"
}
 ############################################# 
{
  "grad_clip": 5.0, 
  "vocab_size": 2, 
  "last_epoch_loss": 0.99899435332998532, 
  "data_type": "0entropy", 
  "lower_bound": 0, 
  "learning_rate": 0.002, 
  "file_size": 1000000, 
  "num_layers": 2, 
  "batch_size": 50, 
  "info_path": "data/sequence_data/info_0entropy_0_iter_101_markovity.txt", 
  "num_epochs": 100, 
  "markovity": 101, 
  "epoch_stopped": 100, 
  "save_every": 1000, 
  "init_from": null, 
  "rnn_size": 128, 
  "p1": 0.5, 
  "Entropy": 0, 
  "seq_length": 50, 
  "decay_rate": 0.99, 
  "data_path": "data/sequence_data/input_0entropy_0_iter_101_markovity.txt", 
  "save_dir": "save", 
  "output_path": "outputs/output_0entropy_3.txt", 
  "model": "lstm"
}
 ############################################# 
{
  "grad_clip": 5.0, 
  "vocab_size": 2, 
  "last_epoch_loss": 0.99942118202267893, 
  "data_type": "0entropy", 
  "lower_bound": 0, 
  "learning_rate": 0.002, 
  "file_size": 1000000, 
  "num_layers": 2, 
  "batch_size": 50, 
  "info_path": "data/sequence_data/info_0entropy_1_iter_101_markovity.txt", 
  "num_epochs": 100, 
  "markovity": 101, 
  "epoch_stopped": 100, 
  "save_every": 1000, 
  "init_from": null, 
  "rnn_size": 128, 
  "p1": 0.5, 
  "Entropy": 0, 
  "seq_length": 50, 
  "decay_rate": 0.99, 
  "data_path": "data/sequence_data/input_0entropy_1_iter_101_markovity.txt", 
  "save_dir": "save", 
  "output_path": "outputs/output_0entropy_3.txt", 
  "model": "lstm"
}
 ############################################# 
{
  "grad_clip": 5.0, 
  "vocab_size": 2, 
  "last_epoch_loss": 0.99997690827254271, 
  "data_type": "0entropy", 
  "lower_bound": 0, 
  "learning_rate": 0.002, 
  "file_size": 1000000, 
  "num_layers": 2, 
  "batch_size": 50, 
  "info_path": "data/sequence_data/info_0entropy_2_iter_101_markovity.txt", 
  "num_epochs": 100, 
  "markovity": 101, 
  "epoch_stopped": 100, 
  "save_every": 1000, 
  "init_from": null, 
  "rnn_size": 128, 
  "p1": 0.5, 
  "Entropy": 0, 
  "seq_length": 50, 
  "decay_rate": 0.99, 
  "data_path": "data/sequence_data/input_0entropy_2_iter_101_markovity.txt", 
  "save_dir": "save", 
  "output_path": "outputs/output_0entropy_3.txt", 
  "model": "lstm"
}
 ############################################# 
{
  "grad_clip": 5.0, 
  "vocab_size": 2, 
  "last_epoch_loss": 0.99588746481436008, 
  "data_type": "0entropy", 
  "lower_bound": 0, 
  "learning_rate": 0.002, 
  "file_size": 1000000, 
  "num_layers": 2, 
  "batch_size": 50, 
  "info_path": "data/sequence_data/info_0entropy_3_iter_101_markovity.txt", 
  "num_epochs": 100, 
  "markovity": 101, 
  "epoch_stopped": 100, 
  "save_every": 1000, 
  "init_from": null, 
  "rnn_size": 128, 
  "p1": 0.5, 
  "Entropy": 0, 
  "seq_length": 50, 
  "decay_rate": 0.99, 
  "data_path": "data/sequence_data/input_0entropy_3_iter_101_markovity.txt", 
  "save_dir": "save", 
  "output_path": "outputs/output_0entropy_3.txt", 
  "model": "lstm"
}
 ############################################# 
{
  "grad_clip": 5.0, 
  "vocab_size": 2, 
  "last_epoch_loss": 0.99904115733352583, 
  "data_type": "0entropy", 
  "lower_bound": 0, 
  "learning_rate": 0.002, 
  "file_size": 1000000, 
  "num_layers": 2, 
  "batch_size": 50, 
  "info_path": "data/sequence_data/info_0entropy_4_iter_101_markovity.txt", 
  "num_epochs": 100, 
  "markovity": 101, 
  "epoch_stopped": 100, 
  "save_every": 1000, 
  "init_from": null, 
  "rnn_size": 128, 
  "p1": 0.5, 
  "Entropy": 0, 
  "seq_length": 50, 
  "decay_rate": 0.99, 
  "data_path": "data/sequence_data/input_0entropy_4_iter_101_markovity.txt", 
  "save_dir": "save", 
  "output_path": "outputs/output_0entropy_3.txt", 
  "model": "lstm"
}
 ############################################# 
{
  "grad_clip": 5.0, 
  "vocab_size": 2, 
  "last_epoch_loss": 0.99896675849867567, 
  "data_type": "0entropy", 
  "lower_bound": 0, 
  "learning_rate": 0.002, 
  "file_size": 1000000, 
  "num_layers": 2, 
  "batch_size": 50, 
  "info_path": "data/sequence_data/info_0entropy_0_iter_111_markovity.txt", 
  "num_epochs": 100, 
  "markovity": 111, 
  "epoch_stopped": 100, 
  "save_every": 1000, 
  "init_from": null, 
  "rnn_size": 128, 
  "p1": 0.5, 
  "Entropy": 0, 
  "seq_length": 50, 
  "decay_rate": 0.99, 
  "data_path": "data/sequence_data/input_0entropy_0_iter_111_markovity.txt", 
  "save_dir": "save", 
  "output_path": "outputs/output_0entropy_3.txt", 
  "model": "lstm"
}
 ############################################# 
{
  "grad_clip": 5.0, 
  "vocab_size": 2, 
  "last_epoch_loss": 1.0000329359206281, 
  "data_type": "0entropy", 
  "lower_bound": 0, 
  "learning_rate": 0.002, 
  "file_size": 1000000, 
  "num_layers": 2, 
  "batch_size": 50, 
  "info_path": "data/sequence_data/info_0entropy_1_iter_111_markovity.txt", 
  "num_epochs": 100, 
  "markovity": 111, 
  "epoch_stopped": 100, 
  "save_every": 1000, 
  "init_from": null, 
  "rnn_size": 128, 
  "p1": 0.5, 
  "Entropy": 0, 
  "seq_length": 50, 
  "decay_rate": 0.99, 
  "data_path": "data/sequence_data/input_0entropy_1_iter_111_markovity.txt", 
  "save_dir": "save", 
  "output_path": "outputs/output_0entropy_3.txt", 
  "model": "lstm"
}
 ############################################# 
{
  "grad_clip": 5.0, 
  "vocab_size": 2, 
  "last_epoch_loss": 0.99991774624064567, 
  "data_type": "0entropy", 
  "lower_bound": 0, 
  "learning_rate": 0.002, 
  "file_size": 1000000, 
  "num_layers": 2, 
  "batch_size": 50, 
  "info_path": "data/sequence_data/info_0entropy_2_iter_111_markovity.txt", 
  "num_epochs": 100, 
  "markovity": 111, 
  "epoch_stopped": 100, 
  "save_every": 1000, 
  "init_from": null, 
  "rnn_size": 128, 
  "p1": 0.5, 
  "Entropy": 0, 
  "seq_length": 50, 
  "decay_rate": 0.99, 
  "data_path": "data/sequence_data/input_0entropy_2_iter_111_markovity.txt", 
  "save_dir": "save", 
  "output_path": "outputs/output_0entropy_3.txt", 
  "model": "lstm"
}
 ############################################# 
{
  "grad_clip": 5.0, 
  "vocab_size": 2, 
  "last_epoch_loss": 0.99897196892806206, 
  "data_type": "0entropy", 
  "lower_bound": 0, 
  "learning_rate": 0.002, 
  "file_size": 1000000, 
  "num_layers": 2, 
  "batch_size": 50, 
  "info_path": "data/sequence_data/info_0entropy_3_iter_111_markovity.txt", 
  "num_epochs": 100, 
  "markovity": 111, 
  "epoch_stopped": 100, 
  "save_every": 1000, 
  "init_from": null, 
  "rnn_size": 128, 
  "p1": 0.5, 
  "Entropy": 0, 
  "seq_length": 50, 
  "decay_rate": 0.99, 
  "data_path": "data/sequence_data/input_0entropy_3_iter_111_markovity.txt", 
  "save_dir": "save", 
  "output_path": "outputs/output_0entropy_3.txt", 
  "model": "lstm"
}
 ############################################# 
{
  "grad_clip": 5.0, 
  "vocab_size": 2, 
  "last_epoch_loss": 0.99718063031337933, 
  "data_type": "0entropy", 
  "lower_bound": 0, 
  "learning_rate": 0.002, 
  "file_size": 1000000, 
  "num_layers": 2, 
  "batch_size": 50, 
  "info_path": "data/sequence_data/info_0entropy_4_iter_111_markovity.txt", 
  "num_epochs": 100, 
  "markovity": 111, 
  "epoch_stopped": 100, 
  "save_every": 1000, 
  "init_from": null, 
  "rnn_size": 128, 
  "p1": 0.5, 
  "Entropy": 0, 
  "seq_length": 50, 
  "decay_rate": 0.99, 
  "data_path": "data/sequence_data/input_0entropy_4_iter_111_markovity.txt", 
  "save_dir": "save", 
  "output_path": "outputs/output_0entropy_3.txt", 
  "model": "lstm"
}
 ############################################# 
{
  "grad_clip": 5.0, 
  "vocab_size": 2, 
  "last_epoch_loss": 1.0000318277074207, 
  "data_type": "0entropy", 
  "lower_bound": 0, 
  "learning_rate": 0.002, 
  "file_size": 1000000, 
  "num_layers": 2, 
  "batch_size": 50, 
  "info_path": "data/sequence_data/info_0entropy_0_iter_121_markovity.txt", 
  "num_epochs": 100, 
  "markovity": 121, 
  "epoch_stopped": 100, 
  "save_every": 1000, 
  "init_from": null, 
  "rnn_size": 128, 
  "p1": 0.5, 
  "Entropy": 0, 
  "seq_length": 50, 
  "decay_rate": 0.99, 
  "data_path": "data/sequence_data/input_0entropy_0_iter_121_markovity.txt", 
  "save_dir": "save", 
  "output_path": "outputs/output_0entropy_3.txt", 
  "model": "lstm"
}
 ############################################# 
{
  "grad_clip": 5.0, 
  "vocab_size": 2, 
  "last_epoch_loss": 1.0000021794032603, 
  "data_type": "0entropy", 
  "lower_bound": 0, 
  "learning_rate": 0.002, 
  "file_size": 1000000, 
  "num_layers": 2, 
  "batch_size": 50, 
  "info_path": "data/sequence_data/info_0entropy_1_iter_121_markovity.txt", 
  "num_epochs": 100, 
  "markovity": 121, 
  "epoch_stopped": 100, 
  "save_every": 1000, 
  "init_from": null, 
  "rnn_size": 128, 
  "p1": 0.5, 
  "Entropy": 0, 
  "seq_length": 50, 
  "decay_rate": 0.99, 
  "data_path": "data/sequence_data/input_0entropy_1_iter_121_markovity.txt", 
  "save_dir": "save", 
  "output_path": "outputs/output_0entropy_3.txt", 
  "model": "lstm"
}
 ############################################# 
