{
  "grad_clip": 5.0, 
  "vocab_size": 2, 
  "last_epoch_loss": 0.012143073225817185, 
  "data_type": "0entropy", 
  "lower_bound": 0, 
  "learning_rate": 0.005, 
  "file_size": 100000000, 
  "num_layers": 4, 
  "batch_size": 50, 
  "info_path": "data/sequence_data/info_0entropy_0_iter_20_markovity.txt", 
  "num_epochs": 80, 
  "markovity": 20, 
  "epoch_stopped": 2, 
  "save_every": 1000, 
  "init_from": null, 
  "rnn_size": 128, 
  "p1": 0.5, 
  "Entropy": 0, 
  "summary_dir": ".summary/size_128/num_layers_4/markovity_19/run_0", 
  "seq_length": 50, 
  "decay_rate": 0.99, 
  "data_path": "data/sequence_data/input_0entropy_0_iter_20_markovity.txt", 
  "save_dir": "save", 
  "output_path": "outputs/output_0entropy_8_popeye.txt", 
  "model": "lstm"
}
 ############################################# 
{
  "grad_clip": 5.0, 
  "vocab_size": 2, 
  "last_epoch_loss": 0.030002696727685144, 
  "data_type": "0entropy", 
  "lower_bound": 0, 
  "learning_rate": 0.005, 
  "file_size": 100000000, 
  "num_layers": 4, 
  "batch_size": 50, 
  "info_path": "data/sequence_data/info_0entropy_0_iter_21_markovity.txt", 
  "num_epochs": 10, 
  "markovity": 21, 
  "epoch_stopped": 1, 
  "save_every": 1000, 
  "init_from": null, 
  "rnn_size": 128, 
  "p1": 0.5, 
  "Entropy": 0, 
  "summary_dir": ".summary/size_128/num_layers_4/markovity_20/run_0", 
  "seq_length": 50, 
  "decay_rate": 0.99, 
  "data_path": "data/sequence_data/input_0entropy_0_iter_21_markovity.txt", 
  "save_dir": "save", 
  "output_path": "outputs/output_0entropy_8_popeye.txt", 
  "model": "lstm"
}
 ############################################# 
{
  "grad_clip": 5.0, 
  "vocab_size": 2, 
  "last_epoch_loss": 0.046393331505438139, 
  "data_type": "0entropy", 
  "lower_bound": 0, 
  "learning_rate": 0.005, 
  "file_size": 100000000, 
  "num_layers": 4, 
  "batch_size": 50, 
  "info_path": "data/sequence_data/info_0entropy_0_iter_21_markovity.txt", 
  "num_epochs": 10, 
  "markovity": 21, 
  "epoch_stopped": 1, 
  "save_every": 1000, 
  "init_from": null, 
  "rnn_size": 256, 
  "p1": 0.5, 
  "Entropy": 0, 
  "summary_dir": ".summary/size_256/num_layers_4/markovity_20/run_0", 
  "seq_length": 50, 
  "decay_rate": 0.99, 
  "data_path": "data/sequence_data/input_0entropy_0_iter_21_markovity.txt", 
  "save_dir": "save", 
  "output_path": "outputs/output_0entropy_8_popeye.txt", 
  "model": "lstm"
}
 ############################################# 
{
  "grad_clip": 5.0, 
  "vocab_size": 2, 
  "last_epoch_loss": 0.045006929902754317, 
  "data_type": "0entropy", 
  "lower_bound": 0, 
  "learning_rate": 0.005, 
  "file_size": 100000000, 
  "num_layers": 4, 
  "batch_size": 50, 
  "info_path": "data/sequence_data/info_0entropy_1_iter_21_markovity.txt", 
  "num_epochs": 10, 
  "markovity": 21, 
  "epoch_stopped": 1, 
  "save_every": 1000, 
  "init_from": null, 
  "rnn_size": 128, 
  "p1": 0.5, 
  "Entropy": 0, 
  "summary_dir": ".summary/size_128/num_layers_4/markovity_20/run_1", 
  "seq_length": 50, 
  "decay_rate": 0.99, 
  "data_path": "data/sequence_data/input_0entropy_1_iter_21_markovity.txt", 
  "save_dir": "save", 
  "output_path": "outputs/output_0entropy_8_popeye.txt", 
  "model": "lstm"
}
 ############################################# 
{
  "grad_clip": 5.0, 
  "vocab_size": 2, 
  "last_epoch_loss": 0.038562579672192059, 
  "data_type": "0entropy", 
  "lower_bound": 0, 
  "learning_rate": 0.005, 
  "file_size": 100000000, 
  "num_layers": 4, 
  "batch_size": 50, 
  "info_path": "data/sequence_data/info_0entropy_1_iter_21_markovity.txt", 
  "num_epochs": 10, 
  "markovity": 21, 
  "epoch_stopped": 1, 
  "save_every": 1000, 
  "init_from": null, 
  "rnn_size": 256, 
  "p1": 0.5, 
  "Entropy": 0, 
  "summary_dir": ".summary/size_256/num_layers_4/markovity_20/run_1", 
  "seq_length": 50, 
  "decay_rate": 0.99, 
  "data_path": "data/sequence_data/input_0entropy_1_iter_21_markovity.txt", 
  "save_dir": "save", 
  "output_path": "outputs/output_0entropy_8_popeye.txt", 
  "model": "lstm"
}
 ############################################# 
{
  "grad_clip": 5.0, 
  "vocab_size": 2, 
  "last_epoch_loss": 0.045444023271800797, 
  "data_type": "0entropy", 
  "lower_bound": 0, 
  "learning_rate": 0.005, 
  "file_size": 100000000, 
  "num_layers": 4, 
  "batch_size": 50, 
  "info_path": "data/sequence_data/info_0entropy_0_iter_23_markovity.txt", 
  "num_epochs": 10, 
  "markovity": 23, 
  "epoch_stopped": 1, 
  "save_every": 1000, 
  "init_from": null, 
  "rnn_size": 128, 
  "p1": 0.5, 
  "Entropy": 0, 
  "summary_dir": ".summary/size_128/num_layers_4/markovity_22/run_0", 
  "seq_length": 50, 
  "decay_rate": 0.99, 
  "data_path": "data/sequence_data/input_0entropy_0_iter_23_markovity.txt", 
  "save_dir": "save", 
  "output_path": "outputs/output_0entropy_8_popeye.txt", 
  "model": "lstm"
}
 ############################################# 
{
  "grad_clip": 5.0, 
  "vocab_size": 2, 
  "last_epoch_loss": 1.0001102679303393, 
  "data_type": "0entropy", 
  "lower_bound": 0, 
  "learning_rate": 0.005, 
  "file_size": 100000000, 
  "num_layers": 4, 
  "batch_size": 50, 
  "info_path": "data/sequence_data/info_0entropy_0_iter_23_markovity.txt", 
  "num_epochs": 10, 
  "markovity": 23, 
  "epoch_stopped": 10, 
  "save_every": 1000, 
  "init_from": null, 
  "rnn_size": 256, 
  "p1": 0.5, 
  "Entropy": 0, 
  "summary_dir": ".summary/size_256/num_layers_4/markovity_22/run_0", 
  "seq_length": 50, 
  "decay_rate": 0.99, 
  "data_path": "data/sequence_data/input_0entropy_0_iter_23_markovity.txt", 
  "save_dir": "save", 
  "output_path": "outputs/output_0entropy_8_popeye.txt", 
  "model": "lstm"
}
 ############################################# 
{
  "grad_clip": 5.0, 
  "vocab_size": 2, 
  "last_epoch_loss": 1.0000849440073885, 
  "data_type": "0entropy", 
  "lower_bound": 0, 
  "learning_rate": 0.005, 
  "file_size": 100000000, 
  "num_layers": 4, 
  "batch_size": 50, 
  "info_path": "data/sequence_data/info_0entropy_1_iter_23_markovity.txt", 
  "num_epochs": 10, 
  "markovity": 23, 
  "epoch_stopped": 10, 
  "save_every": 1000, 
  "init_from": null, 
  "rnn_size": 128, 
  "p1": 0.5, 
  "Entropy": 0, 
  "summary_dir": ".summary/size_128/num_layers_4/markovity_22/run_1", 
  "seq_length": 50, 
  "decay_rate": 0.99, 
  "data_path": "data/sequence_data/input_0entropy_1_iter_23_markovity.txt", 
  "save_dir": "save", 
  "output_path": "outputs/output_0entropy_8_popeye.txt", 
  "model": "lstm"
}
 ############################################# 
{
  "grad_clip": 5.0, 
  "vocab_size": 2, 
  "last_epoch_loss": 1.0007658242293682, 
  "data_type": "0entropy", 
  "lower_bound": 0, 
  "learning_rate": 0.005, 
  "file_size": 100000000, 
  "num_layers": 4, 
  "batch_size": 50, 
  "info_path": "data/sequence_data/info_0entropy_1_iter_23_markovity.txt", 
  "num_epochs": 10, 
  "markovity": 23, 
  "epoch_stopped": 10, 
  "save_every": 1000, 
  "init_from": null, 
  "rnn_size": 256, 
  "p1": 0.5, 
  "Entropy": 0, 
  "summary_dir": ".summary/size_256/num_layers_4/markovity_22/run_1", 
  "seq_length": 50, 
  "decay_rate": 0.99, 
  "data_path": "data/sequence_data/input_0entropy_1_iter_23_markovity.txt", 
  "save_dir": "save", 
  "output_path": "outputs/output_0entropy_8_popeye.txt", 
  "model": "lstm"
}
 ############################################# 
{
  "grad_clip": 5.0, 
  "vocab_size": 2, 
  "last_epoch_loss": 1.0001662852616227, 
  "data_type": "0entropy", 
  "lower_bound": 0, 
  "learning_rate": 0.005, 
  "file_size": 100000000, 
  "num_layers": 4, 
  "batch_size": 50, 
  "info_path": "data/sequence_data/info_0entropy_0_iter_25_markovity.txt", 
  "num_epochs": 10, 
  "markovity": 25, 
  "epoch_stopped": 10, 
  "save_every": 1000, 
  "init_from": null, 
  "rnn_size": 128, 
  "p1": 0.5, 
  "Entropy": 0, 
  "summary_dir": ".summary/size_128/num_layers_4/markovity_24/run_0", 
  "seq_length": 50, 
  "decay_rate": 0.99, 
  "data_path": "data/sequence_data/input_0entropy_0_iter_25_markovity.txt", 
  "save_dir": "save", 
  "output_path": "outputs/output_0entropy_8_popeye.txt", 
  "model": "lstm"
}
 ############################################# 
